image_size_mb,strategy,policy,num_sats,total_in_view,connected_when_in_view,missed_when_in_view,connection_efficiency,missed_opportunity_rate
0.027,close-orbit-spaced,sticky,1,1673,1673,0,100.0,0.0
0.027,close-orbit-spaced,fifo,1,1673,568,1105,33.950986252241485,66.04901374775852
0.027,close-orbit-spaced,roundrobin,1,1673,1673,0,100.0,0.0
0.027,close-orbit-spaced,random,1,1673,568,1105,33.950986252241485,66.04901374775852
0.027,close-orbit-spaced,sticky,50,28196,2460,25736,8.724641793162151,91.27535820683785
0.027,close-orbit-spaced,fifo,50,28813,2460,26353,8.537812792836567,91.46218720716344
0.027,close-orbit-spaced,roundrobin,50,28812,2460,26352,8.5381091211995,91.4618908788005
0.027,close-orbit-spaced,random,50,28809,2460,26349,8.53899822971988,91.46100177028012
0.027,close-orbit-spaced,sticky,100,55067,2473,52594,4.490892912270507,95.50910708772949
0.027,close-orbit-spaced,fifo,100,55545,2473,53072,4.452245926726078,95.54775407327392
0.027,close-orbit-spaced,roundrobin,100,55532,2473,53059,4.453288194194338,95.54671180580566
0.027,close-orbit-spaced,random,100,55507,2473,53034,4.455293926892104,95.5447060731079
0.027,close-orbit-spaced,sticky,200,108771,2479,106292,2.279100127791415,97.72089987220859
0.027,close-orbit-spaced,fifo,200,109141,2479,106662,2.271373727563427,97.72862627243657
0.027,close-orbit-spaced,roundrobin,200,109108,2479,106629,2.2720607104886903,97.72793928951131
0.027,close-orbit-spaced,random,200,109051,2479,106572,2.2732482966685312,97.72675170333147
0.027,close-spaced,sticky,1,1673,1673,0,100.0,0.0
0.027,close-spaced,fifo,1,1673,568,1105,33.950986252241485,66.04901374775852
0.027,close-spaced,roundrobin,1,1673,1673,0,100.0,0.0
0.027,close-spaced,random,1,1673,568,1105,33.950986252241485,66.04901374775852
0.027,close-spaced,sticky,50,29142,1677,27465,5.7545810170887375,94.24541898291126
0.027,close-spaced,fifo,50,29548,1677,27871,5.675511032895628,94.32448896710437
0.027,close-spaced,roundrobin,50,29548,1677,27871,5.675511032895628,94.32448896710437
0.027,close-spaced,random,50,29552,1677,27875,5.674742826204656,94.32525717379534
0.027,close-spaced,sticky,100,57172,1677,55495,2.933254040439376,97.06674595956062
0.027,close-spaced,fifo,100,57477,1677,55800,2.917688814656297,97.08231118534371
0.027,close-spaced,roundrobin,100,57477,1677,55800,2.917688814656297,97.08231118534371
0.027,close-spaced,random,100,57495,1677,55818,2.9167753717714584,97.08322462822854
0.027,close-spaced,sticky,200,113228,1677,111551,1.4810824177765218,98.51891758222348
0.027,close-spaced,fifo,200,113532,1677,111855,1.4771165838706268,98.52288341612937
0.027,close-spaced,roundrobin,200,113532,1677,111855,1.4771165838706268,98.52288341612937
0.027,close-spaced,random,200,113506,1677,111829,1.4774549363029268,98.52254506369708
0.027,frame-spaced,sticky,1,1673,1673,0,100.0,0.0
0.027,frame-spaced,fifo,1,1673,568,1105,33.950986252241485,66.04901374775852
0.027,frame-spaced,roundrobin,1,1673,1673,0,100.0,0.0
0.027,frame-spaced,random,1,1673,568,1105,33.950986252241485,66.04901374775852
0.027,frame-spaced,sticky,50,29303,1955,27348,6.671671842473467,93.32832815752653
0.027,frame-spaced,fifo,50,29790,1953,27837,6.555891238670696,93.4441087613293
0.027,frame-spaced,roundrobin,50,29790,1955,27835,6.562604900973482,93.43739509902652
0.027,frame-spaced,random,50,29792,1951,27841,6.548737916219119,93.45126208378089
0.027,frame-spaced,sticky,100,57502,2243,55259,3.9007338875169557,96.09926611248304
0.027,frame-spaced,fifo,100,57914,2241,55673,3.8695306834271506,96.13046931657286
0.027,frame-spaced,roundrobin,100,57914,2243,55671,3.8729840798425252,96.12701592015748
0.027,frame-spaced,random,100,57967,2241,55726,3.8659927199958597,96.13400728000414
0.027,frame-spaced,sticky,200,112575,2714,109861,2.410837219631357,97.58916278036864
0.027,frame-spaced,fifo,200,113018,2713,110305,2.400502574811092,97.59949742518891
0.027,frame-spaced,roundrobin,200,113003,2717,110286,2.4043609461695707,97.59563905383042
0.027,frame-spaced,random,200,113035,2711,110324,2.3983721856062283,97.60162781439378
0.027,orbit-spaced,sticky,1,1673,1673,0,100.0,0.0
0.027,orbit-spaced,fifo,1,1673,568,1105,33.950986252241485,66.04901374775852
0.027,orbit-spaced,roundrobin,1,1673,1673,0,100.0,0.0
0.027,orbit-spaced,random,1,1673,568,1105,33.950986252241485,66.04901374775852
0.027,orbit-spaced,sticky,50,41489,21597,19892,52.054761503048994,47.945238496951
0.027,orbit-spaced,fifo,50,48514,21597,26917,44.51704662571629,55.48295337428372
0.027,orbit-spaced,roundrobin,50,41540,21582,19958,51.95474241694752,48.04525758305248
0.027,orbit-spaced,random,50,48483,21597,26886,44.54551079759916,55.454489202400836
0.027,orbit-spaced,sticky,100,68572,21597,46975,31.49536253864551,68.50463746135449
0.027,orbit-spaced,fifo,100,75412,21597,53815,28.63867819445181,71.36132180554819
0.027,orbit-spaced,roundrobin,100,68701,21600,47101,31.440590384419444,68.55940961558056
0.027,orbit-spaced,random,100,75403,21597,53806,28.642096468310278,71.35790353168973
0.027,orbit-spaced,sticky,200,122743,21597,101146,17.59530075034829,82.40469924965171
0.027,orbit-spaced,fifo,200,129264,21597,107667,16.707668028221313,83.2923319717787
0.027,orbit-spaced,roundrobin,200,123002,21600,101402,17.560690070080163,82.43930992991983
0.027,orbit-spaced,random,200,129244,21597,107647,16.710253474049086,83.28974652595092
0.279,close-orbit-spaced,sticky,1,1673,1673,0,100.0,0.0
0.279,close-orbit-spaced,fifo,1,1673,643,1030,38.43395098625224,61.56604901374776
0.279,close-orbit-spaced,roundrobin,1,1673,1673,0,100.0,0.0
0.279,close-orbit-spaced,random,1,1673,643,1030,38.43395098625224,61.56604901374776
0.279,close-orbit-spaced,sticky,50,28196,2460,25736,8.724641793162151,91.27535820683785
0.279,close-orbit-spaced,fifo,50,28229,2460,25769,8.714442594495022,91.28555740550497
0.279,close-orbit-spaced,roundrobin,50,28229,2460,25769,8.714442594495022,91.28555740550497
0.279,close-orbit-spaced,random,50,28219,2460,25759,8.717530741698855,91.28246925830115
0.279,close-orbit-spaced,sticky,100,55067,2473,52594,4.490892912270507,95.50910708772949
0.279,close-orbit-spaced,fifo,100,55098,2473,52625,4.488366183890522,95.51163381610948
0.279,close-orbit-spaced,roundrobin,100,55101,2473,52628,4.4881218126712765,95.51187818732872
0.279,close-orbit-spaced,random,100,55087,2473,52614,4.489262439414018,95.51073756058598
0.279,close-orbit-spaced,sticky,200,108771,2479,106292,2.279100127791415,97.72089987220859
0.279,close-orbit-spaced,fifo,200,108797,2479,106318,2.2785554748752266,97.72144452512478
0.279,close-orbit-spaced,roundrobin,200,108797,2479,106318,2.2785554748752266,97.72144452512478
0.279,close-orbit-spaced,random,200,108794,2479,106315,2.2786183061565897,97.72138169384341
0.279,close-spaced,sticky,1,1673,1673,0,100.0,0.0
0.279,close-spaced,fifo,1,1673,643,1030,38.43395098625224,61.56604901374776
0.279,close-spaced,roundrobin,1,1673,1673,0,100.0,0.0
0.279,close-spaced,random,1,1673,643,1030,38.43395098625224,61.56604901374776
0.279,close-spaced,sticky,50,29142,1677,27465,5.7545810170887375,94.24541898291126
0.279,close-spaced,fifo,50,29303,1677,27626,5.722963519093608,94.27703648090639
0.279,close-spaced,roundrobin,50,29303,1677,27626,5.722963519093608,94.27703648090639
0.279,close-spaced,random,50,29283,1677,27606,5.726872246696035,94.27312775330397
0.279,close-spaced,sticky,100,57172,1677,55495,2.933254040439376,97.06674595956062
0.279,close-spaced,fifo,100,57290,1677,55613,2.9272124279979055,97.0727875720021
0.279,close-spaced,roundrobin,100,57290,1677,55613,2.9272124279979055,97.0727875720021
0.279,close-spaced,random,100,57296,1677,55619,2.92690589220888,97.07309410779112
0.279,close-spaced,sticky,200,113228,1677,111551,1.4810824177765218,98.51891758222348
0.279,close-spaced,fifo,200,113362,1677,111685,1.4793316984527443,98.52066830154726
0.279,close-spaced,roundrobin,200,113362,1677,111685,1.4793316984527443,98.52066830154726
0.279,close-spaced,random,200,113348,1677,111671,1.479514415781487,98.5204855842185
0.279,frame-spaced,sticky,1,1673,1673,0,100.0,0.0
0.279,frame-spaced,fifo,1,1673,643,1030,38.43395098625224,61.56604901374776
0.279,frame-spaced,roundrobin,1,1673,1673,0,100.0,0.0
0.279,frame-spaced,random,1,1673,643,1030,38.43395098625224,61.56604901374776
0.279,frame-spaced,sticky,50,29303,1955,27348,6.671671842473467,93.32832815752653
0.279,frame-spaced,fifo,50,29484,1954,27530,6.62732329398996,93.37267670601004
0.279,frame-spaced,roundrobin,50,29484,1955,27529,6.6307149640482965,93.3692850359517
0.279,frame-spaced,random,50,29474,1953,27521,6.6261790052249445,93.37382099477506
0.279,frame-spaced,sticky,100,57502,2243,55259,3.9007338875169557,96.09926611248304
0.279,frame-spaced,fifo,100,57708,2241,55467,3.8833437305053025,96.1166562694947
0.279,frame-spaced,roundrobin,100,57708,2243,55465,3.886809454495044,96.11319054550495
0.279,frame-spaced,random,100,57687,2241,55446,3.8847573976805867,96.11524260231941
0.279,frame-spaced,sticky,200,112575,2714,109861,2.410837219631357,97.58916278036864
0.279,frame-spaced,fifo,200,112758,2714,110044,2.40692456411075,97.59307543588925
0.279,frame-spaced,roundrobin,200,112778,2717,110061,2.4091578144673607,97.59084218553265
0.279,frame-spaced,random,200,112762,2713,110049,2.4059523598375336,97.59404764016246
0.279,orbit-spaced,sticky,1,1673,1673,0,100.0,0.0
0.279,orbit-spaced,fifo,1,1673,643,1030,38.43395098625224,61.56604901374776
0.279,orbit-spaced,roundrobin,1,1673,1673,0,100.0,0.0
0.279,orbit-spaced,random,1,1673,643,1030,38.43395098625224,61.56604901374776
0.279,orbit-spaced,sticky,50,41489,21597,19892,52.054761503048994,47.945238496951
0.279,orbit-spaced,fifo,50,46353,21597,24756,46.59245356287619,53.40754643712381
0.279,orbit-spaced,roundrobin,50,41540,21582,19958,51.95474241694752,48.04525758305248
0.279,orbit-spaced,random,50,46365,21597,24768,46.5803946942737,53.4196053057263
0.279,orbit-spaced,sticky,100,68572,21597,46975,31.49536253864551,68.50463746135449
0.279,orbit-spaced,fifo,100,71243,21597,49646,30.314557219656667,69.68544278034334
0.279,orbit-spaced,roundrobin,100,68701,21600,47101,31.440590384419444,68.55940961558056
0.279,orbit-spaced,random,100,71222,21597,49625,30.323495549128076,69.67650445087192
0.279,orbit-spaced,sticky,200,122743,21597,101146,17.59530075034829,82.40469924965171
0.279,orbit-spaced,fifo,200,123504,21597,101907,17.48688301593471,82.51311698406529
0.279,orbit-spaced,roundrobin,200,122895,21600,101295,17.57597949469059,82.42402050530941
0.279,orbit-spaced,random,200,123745,21597,102148,17.452826376823303,82.54717362317669
2.799,close-orbit-spaced,sticky,1,1673,1673,0,100.0,0.0
2.799,close-orbit-spaced,fifo,1,1673,1331,342,79.55768081291093,20.442319187089062
2.799,close-orbit-spaced,roundrobin,1,1673,1673,0,100.0,0.0
2.799,close-orbit-spaced,random,1,1673,1331,342,79.55768081291093,20.442319187089062
2.799,close-orbit-spaced,sticky,50,28196,2460,25736,8.724641793162151,91.27535820683785
2.799,close-orbit-spaced,fifo,50,28199,2460,25739,8.723713606865493,91.27628639313451
2.799,close-orbit-spaced,roundrobin,50,28199,2460,25739,8.723713606865493,91.27628639313451
2.799,close-orbit-spaced,random,50,28197,2460,25737,8.724332375784657,91.27566762421534
2.799,close-orbit-spaced,sticky,100,55067,2473,52594,4.490892912270507,95.50910708772949
2.799,close-orbit-spaced,fifo,100,55069,2473,52596,4.490729811690787,95.50927018830922
2.799,close-orbit-spaced,roundrobin,100,55069,2473,52596,4.490729811690787,95.50927018830922
2.799,close-orbit-spaced,random,100,55067,2473,52594,4.490892912270507,95.50910708772949
2.799,close-orbit-spaced,sticky,200,108771,2479,106292,2.279100127791415,97.72089987220859
2.799,close-orbit-spaced,fifo,200,108773,2479,106294,2.2790582221691045,97.72094177783089
2.799,close-orbit-spaced,roundrobin,200,108773,2479,106294,2.2790582221691045,97.72094177783089
2.799,close-orbit-spaced,random,200,108771,2479,106292,2.279100127791415,97.72089987220859
2.799,close-spaced,sticky,1,1673,1673,0,100.0,0.0
2.799,close-spaced,fifo,1,1673,1331,342,79.55768081291093,20.442319187089062
2.799,close-spaced,roundrobin,1,1673,1673,0,100.0,0.0
2.799,close-spaced,random,1,1673,1331,342,79.55768081291093,20.442319187089062
2.799,close-spaced,sticky,50,29142,1677,27465,5.7545810170887375,94.24541898291126
2.799,close-spaced,fifo,50,29156,1677,27479,5.751817807655371,94.24818219234463
2.799,close-spaced,roundrobin,50,29156,1677,27479,5.751817807655371,94.24818219234463
2.799,close-spaced,random,50,29154,1677,27477,5.752212389380531,94.24778761061947
2.799,close-spaced,sticky,100,57172,1677,55495,2.933254040439376,97.06674595956062
2.799,close-spaced,fifo,100,57186,1677,55509,2.9325359353687968,97.06746406463121
2.799,close-spaced,roundrobin,100,57186,1677,55509,2.9325359353687968,97.06746406463121
2.799,close-spaced,random,100,57181,1677,55504,2.9327923610989663,97.06720763890104
2.799,close-spaced,sticky,200,113228,1677,111551,1.4810824177765218,98.51891758222348
2.799,close-spaced,fifo,200,113239,1677,111562,1.4809385459073288,98.51906145409266
2.799,close-spaced,roundrobin,200,113239,1677,111562,1.4809385459073288,98.51906145409266
2.799,close-spaced,random,200,113239,1677,111562,1.4809385459073288,98.51906145409266
2.799,frame-spaced,sticky,1,1673,1673,0,100.0,0.0
2.799,frame-spaced,fifo,1,1673,1331,342,79.55768081291093,20.442319187089062
2.799,frame-spaced,roundrobin,1,1673,1673,0,100.0,0.0
2.799,frame-spaced,random,1,1673,1331,342,79.55768081291093,20.442319187089062
2.799,frame-spaced,sticky,50,29303,1955,27348,6.671671842473467,93.32832815752653
2.799,frame-spaced,fifo,50,29318,1955,27363,6.66825840780408,93.33174159219591
2.799,frame-spaced,roundrobin,50,29318,1955,27363,6.66825840780408,93.33174159219591
2.799,frame-spaced,random,50,29322,1955,27367,6.667348748380056,93.33265125161995
2.799,frame-spaced,sticky,100,57502,2243,55259,3.9007338875169557,96.09926611248304
2.799,frame-spaced,fifo,100,57527,2243,55284,3.8990387122568535,96.10096128774315
2.799,frame-spaced,roundrobin,100,57527,2243,55284,3.8990387122568535,96.10096128774315
2.799,frame-spaced,random,100,57523,2243,55280,3.8993098412808793,96.10069015871913
2.799,frame-spaced,sticky,200,112575,2714,109861,2.410837219631357,97.58916278036864
2.799,frame-spaced,fifo,200,112613,2714,109899,2.4100237095184394,97.58997629048156
2.799,frame-spaced,roundrobin,200,112614,2717,109897,2.41266627595148,97.58733372404852
2.799,frame-spaced,random,200,112612,2714,109898,2.410045110645402,97.5899548893546
2.799,orbit-spaced,sticky,1,1673,1673,0,100.0,0.0
2.799,orbit-spaced,fifo,1,1673,1331,342,79.55768081291093,20.442319187089062
2.799,orbit-spaced,roundrobin,1,1673,1673,0,100.0,0.0
2.799,orbit-spaced,random,1,1673,1331,342,79.55768081291093,20.442319187089062
2.799,orbit-spaced,sticky,50,41489,21597,19892,52.054761503048994,47.945238496951
2.799,orbit-spaced,fifo,50,41722,21597,20125,51.76405733186329,48.235942668136715
2.799,orbit-spaced,roundrobin,50,41492,21582,19910,52.01484623541888,47.98515376458112
2.799,orbit-spaced,random,50,41715,21597,20118,51.77274361740382,48.22725638259619
2.799,orbit-spaced,sticky,100,68572,21597,46975,31.49536253864551,68.50463746135449
2.799,orbit-spaced,fifo,100,68693,21597,47096,31.439884704409476,68.56011529559053
2.799,orbit-spaced,roundrobin,100,68595,21600,46995,31.489175595888913,68.51082440411108
2.799,orbit-spaced,random,100,68689,21597,47092,31.441715558531936,68.55828444146806
2.799,orbit-spaced,sticky,200,122743,21597,101146,17.59530075034829,82.40469924965171
2.799,orbit-spaced,fifo,200,122802,21597,101205,17.586847119753752,82.41315288024626
2.799,orbit-spaced,roundrobin,200,122768,21600,101168,17.594161344975888,82.40583865502411
2.799,orbit-spaced,random,200,122807,21597,101210,17.58613108373301,82.41386891626699
28.0,close-orbit-spaced,sticky,1,1673,1673,0,100.0,0.0
28.0,close-orbit-spaced,fifo,1,1673,1673,0,100.0,0.0
28.0,close-orbit-spaced,roundrobin,1,1673,1673,0,100.0,0.0
28.0,close-orbit-spaced,random,1,1673,1673,0,100.0,0.0
28.0,close-orbit-spaced,sticky,50,28196,2460,25736,8.724641793162151,91.27535820683785
28.0,close-orbit-spaced,fifo,50,28196,2460,25736,8.724641793162151,91.27535820683785
28.0,close-orbit-spaced,roundrobin,50,28196,2460,25736,8.724641793162151,91.27535820683785
28.0,close-orbit-spaced,random,50,28196,2460,25736,8.724641793162151,91.27535820683785
28.0,close-orbit-spaced,sticky,100,55067,2473,52594,4.490892912270507,95.50910708772949
28.0,close-orbit-spaced,fifo,100,55067,2473,52594,4.490892912270507,95.50910708772949
28.0,close-orbit-spaced,roundrobin,100,55067,2473,52594,4.490892912270507,95.50910708772949
28.0,close-orbit-spaced,random,100,55067,2473,52594,4.490892912270507,95.50910708772949
28.0,close-orbit-spaced,sticky,200,108771,2479,106292,2.279100127791415,97.72089987220859
28.0,close-orbit-spaced,fifo,200,108771,2479,106292,2.279100127791415,97.72089987220859
28.0,close-orbit-spaced,roundrobin,200,108771,2479,106292,2.279100127791415,97.72089987220859
28.0,close-orbit-spaced,random,200,108771,2479,106292,2.279100127791415,97.72089987220859
28.0,close-spaced,sticky,1,1673,1673,0,100.0,0.0
28.0,close-spaced,fifo,1,1673,1673,0,100.0,0.0
28.0,close-spaced,roundrobin,1,1673,1673,0,100.0,0.0
28.0,close-spaced,random,1,1673,1673,0,100.0,0.0
28.0,close-spaced,sticky,50,29142,1677,27465,5.7545810170887375,94.24541898291126
28.0,close-spaced,fifo,50,29142,1677,27465,5.7545810170887375,94.24541898291126
28.0,close-spaced,roundrobin,50,29142,1677,27465,5.7545810170887375,94.24541898291126
28.0,close-spaced,random,50,29142,1677,27465,5.7545810170887375,94.24541898291126
28.0,close-spaced,sticky,100,57172,1677,55495,2.933254040439376,97.06674595956062
28.0,close-spaced,fifo,100,57172,1677,55495,2.933254040439376,97.06674595956062
28.0,close-spaced,roundrobin,100,57172,1677,55495,2.933254040439376,97.06674595956062
28.0,close-spaced,random,100,57172,1677,55495,2.933254040439376,97.06674595956062
28.0,close-spaced,sticky,200,113228,1677,111551,1.4810824177765218,98.51891758222348
28.0,close-spaced,fifo,200,113228,1677,111551,1.4810824177765218,98.51891758222348
28.0,close-spaced,roundrobin,200,113228,1677,111551,1.4810824177765218,98.51891758222348
28.0,close-spaced,random,200,113228,1677,111551,1.4810824177765218,98.51891758222348
28.0,frame-spaced,sticky,1,1673,1673,0,100.0,0.0
28.0,frame-spaced,fifo,1,1673,1673,0,100.0,0.0
28.0,frame-spaced,roundrobin,1,1673,1673,0,100.0,0.0
28.0,frame-spaced,random,1,1673,1673,0,100.0,0.0
28.0,frame-spaced,sticky,50,29303,1955,27348,6.671671842473467,93.32832815752653
28.0,frame-spaced,fifo,50,29303,1955,27348,6.671671842473467,93.32832815752653
28.0,frame-spaced,roundrobin,50,29303,1955,27348,6.671671842473467,93.32832815752653
28.0,frame-spaced,random,50,29303,1955,27348,6.671671842473467,93.32832815752653
28.0,frame-spaced,sticky,100,57502,2243,55259,3.9007338875169557,96.09926611248304
28.0,frame-spaced,fifo,100,57502,2243,55259,3.9007338875169557,96.09926611248304
28.0,frame-spaced,roundrobin,100,57502,2243,55259,3.9007338875169557,96.09926611248304
28.0,frame-spaced,random,100,57502,2243,55259,3.9007338875169557,96.09926611248304
28.0,frame-spaced,sticky,200,112575,2714,109861,2.410837219631357,97.58916278036864
28.0,frame-spaced,fifo,200,112575,2714,109861,2.410837219631357,97.58916278036864
28.0,frame-spaced,roundrobin,200,112576,2717,109859,2.413480670835702,97.5865193291643
28.0,frame-spaced,random,200,112575,2714,109861,2.410837219631357,97.58916278036864
28.0,orbit-spaced,sticky,1,1673,1673,0,100.0,0.0
28.0,orbit-spaced,fifo,1,1673,1673,0,100.0,0.0
28.0,orbit-spaced,roundrobin,1,1673,1673,0,100.0,0.0
28.0,orbit-spaced,random,1,1673,1673,0,100.0,0.0
28.0,orbit-spaced,sticky,50,41489,21597,19892,52.054761503048994,47.945238496951
28.0,orbit-spaced,fifo,50,41489,21597,19892,52.054761503048994,47.945238496951
28.0,orbit-spaced,roundrobin,50,41477,21582,19895,52.03365720760904,47.96634279239097
28.0,orbit-spaced,random,50,41489,21597,19892,52.054761503048994,47.945238496951
28.0,orbit-spaced,sticky,100,68572,21597,46975,31.49536253864551,68.50463746135449
28.0,orbit-spaced,fifo,100,68572,21597,46975,31.49536253864551,68.50463746135449
28.0,orbit-spaced,roundrobin,100,68573,21600,46973,31.499278141542593,68.50072185845741
28.0,orbit-spaced,random,100,68572,21597,46975,31.49536253864551,68.50463746135449
28.0,orbit-spaced,sticky,200,122743,21597,101146,17.59530075034829,82.40469924965171
28.0,orbit-spaced,fifo,200,122743,21597,101146,17.59530075034829,82.40469924965171
28.0,orbit-spaced,roundrobin,200,122744,21600,101144,17.597601512090204,82.4023984879098
28.0,orbit-spaced,random,200,122743,21597,101146,17.59530075034829,82.40469924965171
