image_size_mb,strategy,policy,num_sats,total_mb
0.027,close-orbit-spaced,sticky,1,169.73081500000004
0.027,close-orbit-spaced,fifo,1,169.73081500000006
0.027,close-orbit-spaced,roundrobin,1,169.73081500000004
0.027,close-orbit-spaced,random,1,169.73081500000006
0.027,close-orbit-spaced,sticky,50,1039.49513
0.027,close-orbit-spaced,fifo,50,10550.032391
0.027,close-orbit-spaced,roundrobin,50,10549.797498
0.027,close-orbit-spaced,random,50,10482.856409
0.027,close-orbit-spaced,sticky,100,1038.731763
0.027,close-orbit-spaced,fifo,100,20233.148415000003
0.027,close-orbit-spaced,roundrobin,100,20184.939076000002
0.027,close-orbit-spaced,random,100,19395.474685
0.027,close-orbit-spaced,sticky,200,1038.3207200000002
0.027,close-orbit-spaced,fifo,200,26062.901785000002
0.027,close-orbit-spaced,roundrobin,200,25993.92586
0.027,close-orbit-spaced,random,200,26455.44525
0.027,close-spaced,sticky,1,169.73081500000004
0.027,close-spaced,fifo,1,169.73081500000006
0.027,close-spaced,roundrobin,1,169.73081500000004
0.027,close-spaced,random,1,169.73081500000006
0.027,close-spaced,sticky,50,422.7021730000001
0.027,close-spaced,fifo,50,8468.193979
0.027,close-spaced,roundrobin,50,8468.193979
0.027,close-spaced,random,50,8173.741317999999
0.027,close-spaced,sticky,100,422.70110200000005
0.027,close-spaced,fifo,100,14126.088113999998
0.027,close-spaced,roundrobin,100,14126.088113999998
0.027,close-spaced,random,100,12942.839807999999
0.027,close-spaced,sticky,200,422.700978
0.027,close-spaced,fifo,200,14586.868221
0.027,close-spaced,roundrobin,200,14586.868221
0.027,close-spaced,random,200,15244.633547
0.027,frame-spaced,sticky,1,169.73081500000004
0.027,frame-spaced,fifo,1,169.73081500000006
0.027,frame-spaced,roundrobin,1,169.73081500000004
0.027,frame-spaced,random,1,169.73081500000006
0.027,frame-spaced,sticky,50,2973.975852
0.027,frame-spaced,fifo,50,8458.710652
0.027,frame-spaced,roundrobin,50,8458.710652
0.027,frame-spaced,random,50,8437.395203
0.027,frame-spaced,sticky,100,5808.567849000001
0.027,frame-spaced,fifo,100,16763.339476
0.027,frame-spaced,roundrobin,100,16763.339475999997
0.027,frame-spaced,random,100,14827.305256
0.027,frame-spaced,sticky,200,11070.053456000001
0.027,frame-spaced,fifo,200,23091.123147
0.027,frame-spaced,roundrobin,200,23040.511211999998
0.027,frame-spaced,random,200,22632.603838000003
0.027,orbit-spaced,sticky,1,169.73081500000004
0.027,orbit-spaced,fifo,1,169.73081500000006
0.027,orbit-spaced,roundrobin,1,169.73081500000004
0.027,orbit-spaced,random,1,169.73081500000006
0.027,orbit-spaced,sticky,50,9131.673910000001
0.027,orbit-spaced,fifo,50,9382.905457
0.027,orbit-spaced,roundrobin,50,9236.811885
0.027,orbit-spaced,random,50,9383.228839000001
0.027,orbit-spaced,sticky,100,17932.28271
0.027,orbit-spaced,fifo,100,18791.18176
0.027,orbit-spaced,roundrobin,100,18446.525275
0.027,orbit-spaced,random,100,18786.808463
0.027,orbit-spaced,sticky,200,35359.48661800001
0.027,orbit-spaced,fifo,200,37538.211197
0.027,orbit-spaced,roundrobin,200,36865.981432
0.027,orbit-spaced,random,200,37469.831235
0.279,close-orbit-spaced,sticky,1,1697.308699
0.279,close-orbit-spaced,fifo,1,1697.3086990000004
0.279,close-orbit-spaced,roundrobin,1,1697.308699
0.279,close-orbit-spaced,random,1,1697.3086990000004
0.279,close-orbit-spaced,sticky,50,8962.883784
0.279,close-orbit-spaced,fifo,50,33551.608162000004
0.279,close-orbit-spaced,roundrobin,50,33379.090661
0.279,close-orbit-spaced,random,50,34255.736491999996
0.279,close-orbit-spaced,sticky,100,9143.743210999999
0.279,close-orbit-spaced,fifo,100,33106.825793
0.279,close-orbit-spaced,roundrobin,100,33028.928263
0.279,close-orbit-spaced,random,100,33018.749216
0.279,close-orbit-spaced,sticky,200,9241.502398
0.279,close-orbit-spaced,fifo,200,33101.202243
0.279,close-orbit-spaced,roundrobin,200,33101.202243
0.279,close-orbit-spaced,random,200,34518.968284
0.279,close-spaced,sticky,1,1697.308699
0.279,close-spaced,fifo,1,1697.3086990000004
0.279,close-spaced,roundrobin,1,1697.308699
0.279,close-spaced,random,1,1697.3086990000004
0.279,close-spaced,sticky,50,3595.7346850000004
0.279,close-spaced,fifo,50,20013.352618999998
0.279,close-spaced,roundrobin,50,20013.352618999998
0.279,close-spaced,random,50,19922.884947
0.279,close-spaced,sticky,100,3595.7330610000004
0.279,close-spaced,fifo,100,21661.638509
0.279,close-spaced,roundrobin,100,21661.638509
0.279,close-spaced,random,100,21030.163782
0.279,close-spaced,sticky,200,3595.7328130000005
0.279,close-spaced,fifo,200,21760.949557
0.279,close-spaced,roundrobin,200,21760.949557
0.279,close-spaced,random,200,21569.702607
0.279,frame-spaced,sticky,1,1697.308699
0.279,frame-spaced,fifo,1,1697.3086990000004
0.279,frame-spaced,roundrobin,1,1697.308699
0.279,frame-spaced,random,1,1697.3086990000004
0.279,frame-spaced,sticky,50,5110.08281
0.279,frame-spaced,fifo,50,22540.368241999997
0.279,frame-spaced,roundrobin,50,22540.368242
0.279,frame-spaced,random,50,22319.055782000003
0.279,frame-spaced,sticky,100,7921.409175000001
0.279,frame-spaced,fifo,100,26827.780709
0.279,frame-spaced,roundrobin,100,26827.780709
0.279,frame-spaced,random,100,26419.822493
0.279,frame-spaced,sticky,200,13378.681249
0.279,frame-spaced,fifo,200,32834.074024
0.279,frame-spaced,roundrobin,200,32726.242445
0.279,frame-spaced,random,200,32835.321901
0.279,orbit-spaced,sticky,1,1697.308699
0.279,orbit-spaced,fifo,1,1697.3086990000004
0.279,orbit-spaced,roundrobin,1,1697.308699
0.279,orbit-spaced,random,1,1697.3086990000004
0.279,orbit-spaced,sticky,50,91186.470107
0.279,orbit-spaced,fifo,50,93834.368286
0.279,orbit-spaced,roundrobin,50,92368.126435
0.279,orbit-spaced,random,50,93832.019898
0.279,orbit-spaced,sticky,100,174903.607319
0.279,orbit-spaced,fifo,100,187540.56507100002
0.279,orbit-spaced,roundrobin,100,184425.575586
0.279,orbit-spaced,random,100,187306.643506
0.279,orbit-spaced,sticky,200,167114.61205
0.279,orbit-spaced,fifo,200,248944.146883
0.279,orbit-spaced,roundrobin,200,244615.39985599997
0.279,orbit-spaced,random,200,274788.40023100004
2.799,close-orbit-spaced,sticky,1,16973.089749
2.799,close-orbit-spaced,fifo,1,16973.089749
2.799,close-orbit-spaced,roundrobin,1,16973.089749
2.799,close-orbit-spaced,random,1,16973.089749
2.799,close-orbit-spaced,sticky,50,33981.792116
2.799,close-orbit-spaced,fifo,50,35102.086117
2.799,close-orbit-spaced,roundrobin,50,35102.086117
2.799,close-orbit-spaced,random,50,34147.62593
2.799,close-orbit-spaced,sticky,100,34183.80691
2.799,close-orbit-spaced,fifo,100,35321.121508000004
2.799,close-orbit-spaced,roundrobin,100,35321.121508000004
2.799,close-orbit-spaced,random,100,34481.700627
2.799,close-orbit-spaced,sticky,200,34266.599897
2.799,close-orbit-spaced,fifo,200,35417.200335
2.799,close-orbit-spaced,roundrobin,200,35417.200335
2.799,close-orbit-spaced,random,200,34413.208248
2.799,close-spaced,sticky,1,16973.089749
2.799,close-spaced,fifo,1,16973.089749
2.799,close-spaced,roundrobin,1,16973.089749
2.799,close-spaced,random,1,16973.089749
2.799,close-spaced,sticky,50,18188.285708000003
2.799,close-spaced,fifo,50,23570.326890000004
2.799,close-spaced,roundrobin,50,23570.326890000004
2.799,close-spaced,random,50,23575.338185
2.799,close-spaced,sticky,100,18188.280337
2.799,close-spaced,fifo,100,23570.166041
2.799,close-spaced,roundrobin,100,23570.166041
2.799,close-spaced,random,100,23573.27424
2.799,close-spaced,sticky,200,18188.278714
2.799,close-spaced,fifo,200,23557.713932
2.799,close-spaced,roundrobin,200,23557.713932
2.799,close-spaced,random,200,23589.007133
2.799,frame-spaced,sticky,1,16973.089749
2.799,frame-spaced,fifo,1,16973.089749
2.799,frame-spaced,roundrobin,1,16973.089749
2.799,frame-spaced,random,1,16973.089749
2.799,frame-spaced,sticky,50,20322.445981
2.799,frame-spaced,fifo,50,26878.361392
2.799,frame-spaced,roundrobin,50,26878.361392
2.799,frame-spaced,random,50,27007.922429
2.799,frame-spaced,sticky,100,23948.229017
2.799,frame-spaced,fifo,100,30188.860976000004
2.799,frame-spaced,roundrobin,100,30188.860976000004
2.799,frame-spaced,random,100,30719.475133
2.799,frame-spaced,sticky,200,31227.545713000003
2.799,frame-spaced,fifo,200,35558.063627
2.799,frame-spaced,roundrobin,200,35552.399715
2.799,frame-spaced,random,200,37574.108525999996
2.799,orbit-spaced,sticky,1,16973.089749
2.799,orbit-spaced,fifo,1,16973.089749
2.799,orbit-spaced,roundrobin,1,16973.089749
2.799,orbit-spaced,random,1,16973.089749
2.799,orbit-spaced,sticky,50,290591.96136099997
2.799,orbit-spaced,fifo,50,277698.096053
2.799,orbit-spaced,roundrobin,50,274333.976075
2.799,orbit-spaced,random,50,299433.273621
2.799,orbit-spaced,sticky,100,289911.76165400003
2.799,orbit-spaced,fifo,100,269564.314234
2.799,orbit-spaced,roundrobin,100,266273.33378
2.799,orbit-spaced,random,100,302161.45835
2.799,orbit-spaced,sticky,200,288824.798588
2.799,orbit-spaced,fifo,200,263998.590477
2.799,orbit-spaced,roundrobin,200,262001.12235999998
2.799,orbit-spaced,random,200,306438.58226899995
28.0,close-orbit-spaced,sticky,1,23492.851054
28.0,close-orbit-spaced,fifo,1,23492.851054
28.0,close-orbit-spaced,roundrobin,1,23492.851054
28.0,close-orbit-spaced,random,1,23492.851054
28.0,close-orbit-spaced,sticky,50,35142.399675
28.0,close-orbit-spaced,fifo,50,35142.399675
28.0,close-orbit-spaced,roundrobin,50,35142.399675
28.0,close-orbit-spaced,random,50,33930.880913
28.0,close-orbit-spaced,sticky,100,35356.526752
28.0,close-orbit-spaced,fifo,100,35356.526752
28.0,close-orbit-spaced,roundrobin,100,35356.526752
28.0,close-orbit-spaced,random,100,34246.952932
28.0,close-orbit-spaced,sticky,200,35457.288071
28.0,close-orbit-spaced,fifo,200,35457.288071
28.0,close-orbit-spaced,roundrobin,200,35457.288071
28.0,close-orbit-spaced,random,200,34365.454252
28.0,close-spaced,sticky,1,23492.851054
28.0,close-spaced,fifo,1,23492.851054
28.0,close-spaced,roundrobin,1,23492.851054
28.0,close-spaced,random,1,23492.851054
28.0,close-spaced,sticky,50,23534.948792
28.0,close-spaced,fifo,50,23534.949902
28.0,close-spaced,roundrobin,50,23534.949902
28.0,close-spaced,random,50,23534.983061000003
28.0,close-spaced,sticky,100,23534.9469
28.0,close-spaced,fifo,100,23534.947301
28.0,close-spaced,roundrobin,100,23534.947301
28.0,close-spaced,random,100,23535.005736000003
28.0,close-spaced,sticky,200,23534.946389999997
28.0,close-spaced,fifo,200,23534.946615
28.0,close-spaced,roundrobin,200,23534.946615
28.0,close-spaced,random,200,23535.003602999997
28.0,frame-spaced,sticky,1,23492.851054
28.0,frame-spaced,fifo,1,23492.851054
28.0,frame-spaced,roundrobin,1,23492.851054
28.0,frame-spaced,random,1,23492.851054
28.0,frame-spaced,sticky,50,26183.226088000003
28.0,frame-spaced,fifo,50,27071.653808000003
28.0,frame-spaced,roundrobin,50,27071.653808000003
28.0,frame-spaced,random,50,27384.478522
28.0,frame-spaced,sticky,100,28993.4083
28.0,frame-spaced,fifo,100,30463.760754999996
28.0,frame-spaced,roundrobin,100,30463.760754999996
28.0,frame-spaced,random,100,30732.461664000002
28.0,frame-spaced,sticky,200,34721.416826
28.0,frame-spaced,fifo,200,35931.734688
28.0,frame-spaced,roundrobin,200,35327.918695
28.0,frame-spaced,random,200,37095.39868
28.0,orbit-spaced,sticky,1,23492.851054
28.0,orbit-spaced,fifo,1,23492.851054
28.0,orbit-spaced,roundrobin,1,23492.851054
28.0,orbit-spaced,random,1,23492.851054
28.0,orbit-spaced,sticky,50,288963.656112
28.0,orbit-spaced,fifo,50,281394.37466
28.0,orbit-spaced,roundrobin,50,281880.389701
28.0,orbit-spaced,random,50,305779.14613500005
28.0,orbit-spaced,sticky,100,278870.918871
28.0,orbit-spaced,fifo,100,268437.444662
28.0,orbit-spaced,roundrobin,100,269496.227232
28.0,orbit-spaced,random,100,305617.098634
28.0,orbit-spaced,sticky,200,274948.823388
28.0,orbit-spaced,fifo,200,262646.206076
28.0,orbit-spaced,roundrobin,200,263211.283809
28.0,orbit-spaced,random,200,306071.120998
