image_size_mb,strategy,policy,optimal_sats,optimal_data_mb,mr_1_to_50,mr_50_to_100,mr_100_to_200,data_1,data_50,data_100,data_200
0.027,close-spaced,sticky,50,422.7021730000001,5.162680775510204,-2.1419999999352513e-05,-1.2400000008483403e-06,169.73081500000004,422.7021730000001,422.7011020000001,422.700978
0.027,close-spaced,fifo,200,14586.868221,169.3563911020408,113.15788269999997,4.607801070000023,169.73081500000006,8468.193979,14126.088113999998,14586.868221
0.027,close-spaced,roundrobin,200,14586.868221,169.3563911020408,113.15788269999997,4.607801070000023,169.73081500000004,8468.193979,14126.088113999998,14586.868221
0.027,close-spaced,random,200,15244.633547,163.34715312244896,95.38196980000002,23.01793738999999,169.73081500000006,8173.741317999999,12942.839808,15244.633547
0.027,frame-spaced,sticky,200,11070.053456,57.22949055102041,56.691839940000015,52.61485606999999,169.73081500000004,2973.975852,5808.567849000001,11070.053456
0.027,frame-spaced,fifo,200,23091.123147,169.1628538163265,166.09257648000002,63.277836709999974,169.73081500000006,8458.710652,16763.339476,23091.123147
0.027,frame-spaced,roundrobin,200,23040.511212,169.1628538163265,166.09257647999996,62.77171736000004,169.73081500000004,8458.710652,16763.339475999997,23040.511212
0.027,frame-spaced,random,200,22632.603838000003,168.7278446530612,127.79820106,78.05298582000003,169.73081500000006,8437.395203,14827.305256,22632.603838000003
0.027,orbit-spaced,sticky,200,35359.48661800001,182.89679785714284,176.012176,174.2720390800001,169.73081500000004,9131.67391,17932.28271,35359.48661800001
0.027,orbit-spaced,fifo,200,37538.211197,188.02397228571428,188.16552605999996,187.47029436999998,169.73081500000006,9382.905457,18791.18176,37538.211197
0.027,orbit-spaced,roundrobin,200,36865.981432,185.0424708163265,184.1942678,184.19456157000002,169.73081500000004,9236.811885,18446.525275,36865.981432
0.027,orbit-spaced,random,200,37469.831235,188.03057191836731,188.07159248000005,186.83022771999995,169.73081500000006,9383.228839,18786.808463,37469.831235
0.279,close-spaced,sticky,50,3595.7346850000004,38.74338746938776,-3.247999999985041e-05,-2.4799999982860754e-06,1697.308699,3595.7346850000004,3595.7330610000004,3595.7328130000005
0.279,close-spaced,fifo,200,21760.949557,373.79681469387754,32.965717799999986,0.9931104799999957,1697.3086990000004,20013.352619,21661.638509,21760.949557
0.279,close-spaced,roundrobin,200,21760.949557,373.79681469387754,32.965717799999986,0.9931104799999957,1697.308699,20013.352619,21661.638509,21760.949557
0.279,close-spaced,random,200,21569.702607,371.95053567346935,22.14557670000002,5.395388249999996,1697.3086990000004,19922.884947,21030.163782,21569.702607
0.279,frame-spaced,sticky,200,13378.681249,69.64845124489796,56.226527300000015,54.57272073999999,1697.308699,5110.08281,7921.409175000001,13378.681249
0.279,frame-spaced,fifo,200,32834.074024,425.3685621020408,85.74824933999997,60.06293315000003,1697.3086990000004,22540.368242,26827.780709,32834.074024
0.279,frame-spaced,roundrobin,200,32726.242445,425.3685621020408,85.74824933999997,58.98461736000001,1697.308699,22540.368242,26827.780709,32726.242445
0.279,frame-spaced,random,200,32835.321901,420.8519812857143,82.01533421999993,64.15499408000004,1697.3086990000004,22319.055782000003,26419.822493,32835.321901
0.279,orbit-spaced,sticky,100,174903.607319,1826.309416489796,1674.34274424,-77.88995269000006,1697.308699,91186.470107,174903.607319,167114.61205
0.279,orbit-spaced,fifo,200,248944.146883,1880.3481548367347,1874.1239357,614.0358181200002,1697.3086990000004,93834.368286,187540.565071,248944.146883
0.279,orbit-spaced,roundrobin,200,244615.399856,1850.424851755102,1841.1489830199998,601.8982427000001,1697.308699,92368.126435,184425.575586,244615.399856
0.279,orbit-spaced,random,200,274788.40023100004,1880.3002285510204,1869.4924721599998,874.8175672500005,1697.3086990000004,93832.019898,187306.643506,274788.40023100004
2.799,close-spaced,sticky,50,18188.285708000003,24.79991753061233,-0.0001074200000584824,-1.6230000001087318e-05,16973.089749,18188.285708000003,18188.280337,18188.278714
2.799,close-spaced,fifo,50,23570.326890000004,134.6374926734695,-0.00321698000007018,-0.12452109000001656,16973.089749,23570.326890000004,23570.166041,23557.713932
2.799,close-spaced,roundrobin,50,23570.326890000004,134.6374926734695,-0.00321698000007018,-0.12452109000001656,16973.089749,23570.326890000004,23570.166041,23557.713932
2.799,close-spaced,random,50,23575.338185,134.73976400000004,-0.0412789000000339,0.1573289300000033,16973.089749,23575.338185,23573.27424,23589.007133
2.799,frame-spaced,sticky,200,31227.545713000003,68.35420881632658,72.51566072000001,72.79316696000002,16973.089749,20322.445981,23948.229017,31227.545713000003
2.799,frame-spaced,fifo,200,35558.063627,202.148400877551,66.20999168000009,53.69202651,16973.089749,26878.361392,30188.860976000004,35558.063627
2.799,frame-spaced,roundrobin,200,35552.399715,202.148400877551,66.20999168000009,53.63538738999996,16973.089749,26878.361392,30188.860976000004,35552.399715
2.799,frame-spaced,random,200,37574.108526,204.79250367346938,74.23105408000004,68.54633393000003,16973.089749,27007.922429,30719.475133,37574.108526
2.799,orbit-spaced,sticky,50,290591.961361,5584.058604326531,-13.60399413999985,-10.869630660000258,16973.089749,290591.961361,289911.76165400003,288824.798588
2.799,orbit-spaced,fifo,50,277698.096053,5320.918496,-162.6756363800005,-55.65723757,16973.089749,277698.096053,269564.314234,263998.590477
2.799,orbit-spaced,roundrobin,50,274333.976075,5252.2629862448985,-161.21284590000053,-42.72211419999978,16973.089749,274333.976075,266273.33378,262001.12236
2.799,orbit-spaced,random,200,306438.58226899995,5764.493548408163,54.56369457999943,42.77123918999976,16973.089749,299433.273621,302161.45835,306438.58226899995
28.0,close-spaced,sticky,50,23534.948792,0.8591375102040896,-3.78400000045076e-05,-5.099999980302528e-06,23492.851054,23534.948792,23534.9469,23534.94639
28.0,close-spaced,fifo,50,23534.949902,0.8591601632653357,-5.20200000028126e-05,-6.8599999940488485e-06,23492.851054,23534.949902,23534.947301,23534.946615
28.0,close-spaced,roundrobin,50,23534.949902,0.8591601632653357,-5.20200000028126e-05,-6.8599999940488485e-06,23492.851054,23534.949902,23534.947301,23534.946615
28.0,close-spaced,random,100,23535.005736000003,0.8598368775510978,0.0004535000000032596,-2.1330000017769634e-05,23492.851054,23534.983061000003,23535.005736000003,23535.003603
28.0,frame-spaced,sticky,200,34721.416826,54.9056129387756,56.203644239999925,57.280085260000014,23492.851054,26183.226088000003,28993.4083,34721.416826
28.0,frame-spaced,fifo,200,35931.734688,73.03679089795926,67.84213893999993,54.679739329999975,23492.851054,27071.653808000003,30463.760755,35931.734688
28.0,frame-spaced,roundrobin,200,35327.918695,73.03679089795926,67.84213893999993,48.64157940000001,23492.851054,27071.653808000003,30463.760755,35327.918695
28.0,frame-spaced,random,200,37095.39868,79.42096873469393,66.95966283999995,63.62937016,23492.851054,27384.478522,30732.461664,37095.39868
28.0,orbit-spaced,sticky,50,288963.656112,5417.771531795919,-201.8547448199999,-39.220954829999826,23492.851054,288963.656112,278870.918871,274948.823388
28.0,orbit-spaced,fifo,50,281394.37466,5263.296400122448,-259.13859995999957,-57.91238585999992,23492.851054,281394.37466,268437.444662,262646.206076
28.0,orbit-spaced,roundrobin,50,281880.389701,5273.215074428572,-247.68324938000063,-62.8494342299999,23492.851054,281880.389701,269496.227232,263211.283809
28.0,orbit-spaced,random,50,305779.14613500005,5760.94479757143,-3.240950020001037,4.540223640000331,23492.851054,305779.14613500005,305617.098634,306071.120998
