image_size_mb,strategy,policy,num_sats,sim_duration,productive_time,total_idle_time,total_idle_pct,total_connected_events,connected_idle_events,connected_idle_pct
0.027,close-orbit-spaced,sticky,1,21600,12,21588,99.94444444444444,1673,1661,99.28272564255828
0.027,close-orbit-spaced,fifo,1,21600,12,21588,99.94444444444444,568,556,97.88732394366197
0.027,close-orbit-spaced,roundrobin,1,21600,12,21588,99.94444444444444,1673,1661,99.28272564255828
0.027,close-orbit-spaced,random,1,21600,12,21588,99.94444444444444,568,556,97.88732394366197
0.027,close-orbit-spaced,sticky,25,21600,247,21353,98.85648148148148,21597,21350,98.85632263740334
0.027,close-orbit-spaced,fifo,25,21600,330,21270,98.47222222222223,13679,13349,97.58754294904598
0.027,close-orbit-spaced,roundrobin,25,21600,330,21270,98.47222222222223,21579,21249,98.47073543723064
0.027,close-orbit-spaced,random,25,21600,330,21270,98.47222222222223,13662,13332,97.58454106280193
0.027,close-orbit-spaced,sticky,50,21600,431,21169,98.00462962962962,21597,21166,98.00435245635968
0.027,close-orbit-spaced,fifo,50,21600,660,20940,96.94444444444444,20737,20077,96.81728311713363
0.027,close-orbit-spaced,roundrobin,50,21600,660,20940,96.94444444444444,21581,20921,96.94175432093046
0.027,close-orbit-spaced,random,50,21600,660,20940,96.94444444444444,20744,20084,96.81835711531045
0.027,close-orbit-spaced,sticky,100,21600,583,21017,97.30092592592592,21597,21014,97.30055100245406
0.027,close-orbit-spaced,fifo,100,21600,1324,20276,93.87037037037037,21597,20273,93.86951891466407
0.027,close-orbit-spaced,roundrobin,100,21600,1324,20276,93.87037037037037,21600,20276,93.87037037037037
0.027,close-orbit-spaced,random,100,21600,1319,20281,93.89351851851852,21597,20278,93.89267027827938
0.027,close-orbit-spaced,sticky,200,21600,576,21024,97.33333333333334,21597,21021,97.33296291151548
0.027,close-orbit-spaced,fifo,200,21600,2494,19106,88.4537037037037,21597,19103,88.4520998286799
0.027,close-orbit-spaced,roundrobin,200,21600,2479,19121,88.52314814814815,21600,19121,88.52314814814815
0.027,close-orbit-spaced,random,200,21600,2470,19130,88.56481481481482,21597,19127,88.56322637403343
0.027,close-spaced,sticky,1,21600,12,21588,99.94444444444444,1673,1661,99.28272564255828
0.027,close-spaced,fifo,1,21600,12,21588,99.94444444444444,568,556,97.88732394366197
0.027,close-spaced,roundrobin,1,21600,12,21588,99.94444444444444,1673,1661,99.28272564255828
0.027,close-spaced,random,1,21600,12,21588,99.94444444444444,568,556,97.88732394366197
0.027,close-spaced,sticky,25,21600,30,21570,99.86111111111111,1677,1647,98.21109123434705
0.027,close-spaced,fifo,25,21600,249,21351,98.84722222222221,1677,1428,85.1520572450805
0.027,close-spaced,roundrobin,25,21600,249,21351,98.84722222222221,1677,1428,85.1520572450805
0.027,close-spaced,random,25,21600,250,21350,98.8425925925926,1677,1427,85.09242695289207
0.027,close-spaced,sticky,50,21600,31,21569,99.85648148148148,1677,1646,98.15146094215862
0.027,close-spaced,fifo,50,21600,474,21126,97.80555555555556,1677,1203,71.73524150268337
0.027,close-spaced,roundrobin,50,21600,474,21126,97.80555555555556,1677,1203,71.73524150268337
0.027,close-spaced,random,50,21600,470,21130,97.82407407407408,1677,1207,71.97376267143709
0.027,close-spaced,sticky,100,21600,31,21569,99.85648148148148,1677,1646,98.15146094215862
0.027,close-spaced,fifo,100,21600,838,20762,96.12037037037037,1677,839,50.029815146094215
0.027,close-spaced,roundrobin,100,21600,838,20762,96.12037037037037,1677,839,50.029815146094215
0.027,close-spaced,random,100,21600,780,20820,96.38888888888889,1677,897,53.48837209302325
0.027,close-spaced,sticky,200,21600,31,21569,99.85648148148148,1677,1646,98.15146094215862
0.027,close-spaced,fifo,200,21600,843,20757,96.09722222222223,1677,834,49.73166368515206
0.027,close-spaced,roundrobin,200,21600,843,20757,96.09722222222223,1677,834,49.73166368515206
0.027,close-spaced,random,200,21600,939,20661,95.65277777777777,1677,738,44.00715563506261
0.027,frame-spaced,sticky,1,21600,12,21588,99.94444444444444,1673,1661,99.28272564255828
0.027,frame-spaced,fifo,1,21600,12,21588,99.94444444444444,568,556,97.88732394366197
0.027,frame-spaced,roundrobin,1,21600,12,21588,99.94444444444444,1673,1661,99.28272564255828
0.027,frame-spaced,random,1,21600,12,21588,99.94444444444444,568,556,97.88732394366197
0.027,frame-spaced,sticky,25,21600,116,21484,99.46296296296296,1811,1695,93.5946990612921
0.027,frame-spaced,fifo,25,21600,254,21346,98.82407407407408,1809,1555,85.95909342177998
0.027,frame-spaced,roundrobin,25,21600,254,21346,98.82407407407408,1811,1557,85.97459966869133
0.027,frame-spaced,random,25,21600,259,21341,98.80092592592592,1807,1548,85.66685113447703
0.027,frame-spaced,sticky,50,21600,224,21376,98.96296296296296,1955,1731,88.54219948849105
0.027,frame-spaced,fifo,50,21600,480,21120,97.77777777777777,1953,1473,75.42242703533026
0.027,frame-spaced,roundrobin,50,21600,480,21120,97.77777777777777,1955,1475,75.44757033248082
0.027,frame-spaced,random,50,21600,509,21091,97.64351851851852,1951,1442,73.91081496668374
0.027,frame-spaced,sticky,100,21600,441,21159,97.95833333333334,2243,1802,80.33883192153365
0.027,frame-spaced,fifo,100,21600,965,20635,95.5324074074074,2241,1276,56.9388665774208
0.027,frame-spaced,roundrobin,100,21600,965,20635,95.5324074074074,2243,1278,56.97726259473919
0.027,frame-spaced,random,100,21600,932,20668,95.68518518518519,2241,1309,58.411423471664435
0.027,frame-spaced,sticky,200,21600,849,20751,96.06944444444444,2714,1865,68.7177597641857
0.027,frame-spaced,fifo,200,21600,1467,20133,93.20833333333334,2713,1246,45.92701806118688
0.027,frame-spaced,roundrobin,200,21600,1474,20126,93.17592592592592,2717,1243,45.74898785425101
0.027,frame-spaced,random,200,21600,1480,20120,93.14814814814815,2711,1231,45.40759867207672
0.027,orbit-spaced,sticky,1,21600,12,21588,99.94444444444444,1673,1661,99.28272564255828
0.027,orbit-spaced,fifo,1,21600,12,21588,99.94444444444444,568,556,97.88732394366197
0.027,orbit-spaced,roundrobin,1,21600,12,21588,99.94444444444444,1673,1661,99.28272564255828
0.027,orbit-spaced,random,1,21600,12,21588,99.94444444444444,568,556,97.88732394366197
0.027,orbit-spaced,sticky,25,21600,247,21353,98.85648148148148,21597,21350,98.85632263740334
0.027,orbit-spaced,fifo,25,21600,330,21270,98.47222222222223,13679,13349,97.58754294904598
0.027,orbit-spaced,roundrobin,25,21600,330,21270,98.47222222222223,21579,21249,98.47073543723064
0.027,orbit-spaced,random,25,21600,330,21270,98.47222222222223,13662,13332,97.58454106280193
0.027,orbit-spaced,sticky,50,21600,502,21098,97.67592592592592,21597,21095,97.67560309302218
0.027,orbit-spaced,fifo,50,21600,662,20938,96.93518518518518,21597,20935,96.93475945733204
0.027,orbit-spaced,roundrobin,50,21600,662,20938,96.93518518518518,21582,20920,96.93262904272079
0.027,orbit-spaced,random,50,21600,662,20938,96.93518518518518,21597,20935,96.93475945733204
0.027,orbit-spaced,sticky,100,21600,1273,20327,94.10648148148148,21597,20324,94.1056628235403
0.027,orbit-spaced,fifo,100,21600,1327,20273,93.85648148148148,21597,20270,93.85562809649488
0.027,orbit-spaced,roundrobin,100,21600,1328,20272,93.85185185185185,21600,20272,93.85185185185185
0.027,orbit-spaced,random,100,21600,1325,20275,93.86574074074075,21597,20272,93.86488864194101
0.027,orbit-spaced,sticky,200,21600,2531,19069,88.2824074074074,21597,19066,88.28077973792657
0.027,orbit-spaced,fifo,200,21600,2646,18954,87.75,21597,18951,87.74829837477427
0.027,orbit-spaced,roundrobin,200,21600,2660,18940,87.68518518518519,21600,18940,87.68518518518519
0.027,orbit-spaced,random,200,21600,2576,19024,88.07407407407408,21597,19021,88.07241746538871
0.279,close-orbit-spaced,sticky,1,21600,124,21476,99.42592592592592,1673,1549,92.58816497310221
0.279,close-orbit-spaced,fifo,1,21600,124,21476,99.42592592592592,643,519,80.7153965785381
0.279,close-orbit-spaced,roundrobin,1,21600,124,21476,99.42592592592592,1673,1549,92.58816497310221
0.279,close-orbit-spaced,random,1,21600,124,21476,99.42592592592592,643,519,80.7153965785381
0.279,close-orbit-spaced,sticky,25,21600,2722,18878,87.39814814814815,21597,18875,87.39639764782146
0.279,close-orbit-spaced,fifo,25,21600,3472,18128,83.92592592592592,14724,11252,76.41945123607715
0.279,close-orbit-spaced,roundrobin,25,21600,3552,18048,83.55555555555556,21579,18027,83.53955234255525
0.279,close-orbit-spaced,random,25,21600,3471,18129,83.93055555555556,14707,11236,76.39899367648059
0.279,close-orbit-spaced,sticky,50,21600,4806,16794,77.75,21597,16791,77.74690929295735
0.279,close-orbit-spaced,fifo,50,21600,6752,14848,68.74074074074073,20739,13987,67.4429818216886
0.279,close-orbit-spaced,roundrobin,50,21600,7022,14578,67.49074074074073,21581,14559,67.4621194569297
0.279,close-orbit-spaced,random,50,21600,6745,14855,68.77314814814814,20742,13997,67.4814386269405
0.279,close-orbit-spaced,sticky,100,21600,6449,15151,70.14351851851852,21597,15148,70.1393712089642
0.279,close-orbit-spaced,fifo,100,21600,12963,8637,39.986111111111114,21597,8634,39.977774690929294
0.279,close-orbit-spaced,roundrobin,100,21600,12954,8646,40.02777777777778,21600,8646,40.02777777777778
0.279,close-orbit-spaced,random,100,21600,12834,8766,40.583333333333336,21597,8763,40.57507987220447
0.279,close-orbit-spaced,sticky,200,21600,6358,15242,70.56481481481481,21597,15239,70.56072602676298
0.279,close-orbit-spaced,fifo,200,21600,18906,2694,12.472222222222221,21597,2691,12.460063897763577
0.279,close-orbit-spaced,roundrobin,200,21600,18900,2700,12.5,21600,2700,12.5
0.279,close-orbit-spaced,random,200,21600,18746,2854,13.212962962962962,21597,2851,13.200907533453721
0.279,close-spaced,sticky,1,21600,124,21476,99.42592592592592,1673,1549,92.58816497310221
0.279,close-spaced,fifo,1,21600,124,21476,99.42592592592592,643,519,80.7153965785381
0.279,close-spaced,roundrobin,1,21600,124,21476,99.42592592592592,1673,1549,92.58816497310221
0.279,close-spaced,random,1,21600,124,21476,99.42592592592592,643,519,80.7153965785381
0.279,close-spaced,sticky,25,21600,266,21334,98.76851851851852,1677,1411,84.13834227787717
0.279,close-spaced,fifo,25,21600,1235,20365,94.2824074074074,1677,442,26.356589147286826
0.279,close-spaced,roundrobin,25,21600,1235,20365,94.2824074074074,1677,442,26.356589147286826
0.279,close-spaced,random,25,21600,1243,20357,94.24537037037038,1677,434,25.87954680977937
0.279,close-spaced,sticky,50,21600,267,21333,98.76388888888889,1677,1410,84.07871198568873
0.279,close-spaced,fifo,50,21600,1269,20331,94.125,1677,408,24.329159212880143
0.279,close-spaced,roundrobin,50,21600,1269,20331,94.125,1677,408,24.329159212880143
0.279,close-spaced,random,50,21600,1310,20290,93.93518518518519,1677,367,21.884317233154444
0.279,close-spaced,sticky,100,21600,266,21334,98.76851851851852,1677,1411,84.13834227787717
0.279,close-spaced,fifo,100,21600,1455,20145,93.26388888888889,1677,222,13.237924865831843
0.279,close-spaced,roundrobin,100,21600,1455,20145,93.26388888888889,1677,222,13.237924865831843
0.279,close-spaced,random,100,21600,1392,20208,93.55555555555556,1677,285,16.99463327370304
0.279,close-spaced,sticky,200,21600,266,21334,98.76851851851852,1677,1411,84.13834227787717
0.279,close-spaced,fifo,200,21600,1459,20141,93.24537037037037,1677,218,12.999403697078115
0.279,close-spaced,roundrobin,200,21600,1459,20141,93.24537037037037,1677,218,12.999403697078115
0.279,close-spaced,random,200,21600,1440,20160,93.33333333333333,1677,237,14.132379248658319
0.279,frame-spaced,sticky,1,21600,124,21476,99.42592592592592,1673,1549,92.58816497310221
0.279,frame-spaced,fifo,1,21600,124,21476,99.42592592592592,643,519,80.7153965785381
0.279,frame-spaced,roundrobin,1,21600,124,21476,99.42592592592592,1673,1549,92.58816497310221
0.279,frame-spaced,random,1,21600,124,21476,99.42592592592592,643,519,80.7153965785381
0.279,frame-spaced,sticky,25,21600,263,21337,98.7824074074074,1811,1548,85.47763666482606
0.279,frame-spaced,fifo,25,21600,1332,20268,93.83333333333333,1810,478,26.40883977900553
0.279,frame-spaced,roundrobin,25,21600,1332,20268,93.83333333333333,1811,479,26.449475427940367
0.279,frame-spaced,random,25,21600,1340,20260,93.7962962962963,1809,469,25.925925925925924
0.279,frame-spaced,sticky,50,21600,406,21194,98.12037037037037,1955,1549,79.23273657289003
0.279,frame-spaced,fifo,50,21600,1462,20138,93.23148148148148,1954,492,25.179119754350047
0.279,frame-spaced,roundrobin,50,21600,1462,20138,93.23148148148148,1955,493,25.217391304347824
0.279,frame-spaced,random,50,21600,1503,20097,93.04166666666667,1953,450,23.04147465437788
0.279,frame-spaced,sticky,100,21600,623,20977,97.11574074074075,2243,1620,72.2246990637539
0.279,frame-spaced,fifo,100,21600,1800,19800,91.66666666666666,2241,441,19.67871485943775
0.279,frame-spaced,roundrobin,100,21600,1800,19800,91.66666666666666,2243,443,19.750334373606776
0.279,frame-spaced,random,100,21600,1778,19822,91.76851851851852,2241,463,20.66041945560018
0.279,frame-spaced,sticky,200,21600,1047,20553,95.15277777777777,2714,1667,61.42225497420781
0.279,frame-spaced,fifo,200,21600,2320,19280,89.25925925925927,2714,394,14.517317612380252
0.279,frame-spaced,roundrobin,200,21600,2298,19302,89.36111111111111,2717,419,15.42142068457858
0.279,frame-spaced,random,200,21600,2265,19335,89.51388888888889,2713,448,16.513085145595284
0.279,orbit-spaced,sticky,1,21600,124,21476,99.42592592592592,1673,1549,92.58816497310221
0.279,orbit-spaced,fifo,1,21600,124,21476,99.42592592592592,643,519,80.7153965785381
0.279,orbit-spaced,roundrobin,1,21600,124,21476,99.42592592592592,1673,1549,92.58816497310221
0.279,orbit-spaced,random,1,21600,124,21476,99.42592592592592,643,519,80.7153965785381
0.279,orbit-spaced,sticky,25,21600,2722,18878,87.39814814814815,21597,18875,87.39639764782146
0.279,orbit-spaced,fifo,25,21600,3472,18128,83.92592592592592,14724,11252,76.41945123607715
0.279,orbit-spaced,roundrobin,25,21600,3552,18048,83.55555555555556,21579,18027,83.53955234255525
0.279,orbit-spaced,random,25,21600,3471,18129,83.93055555555556,14707,11236,76.39899367648059
0.279,orbit-spaced,sticky,50,21600,6395,15205,70.39351851851852,21597,15202,70.38940593600962
0.279,orbit-spaced,fifo,50,21600,6967,14633,67.74537037037037,21597,14630,67.74088993841737
0.279,orbit-spaced,roundrobin,50,21600,7264,14336,66.37037037037037,21582,14318,66.34232230562506
0.279,orbit-spaced,random,50,21600,6962,14638,67.76851851851852,21597,14635,67.76404130203268
0.279,orbit-spaced,sticky,100,21600,13666,7934,36.73148148148148,21597,7931,36.72269296661573
0.279,orbit-spaced,fifo,100,21600,13751,7849,36.33796296296296,21597,7846,36.32911978515534
0.279,orbit-spaced,roundrobin,100,21600,14832,6768,31.333333333333336,21600,6768,31.333333333333336
0.279,orbit-spaced,random,100,21600,13807,7793,36.0787037037037,21597,7790,36.06982451266379
0.279,orbit-spaced,sticky,200,21600,12972,8628,39.94444444444444,21597,8625,39.936102236421725
0.279,orbit-spaced,fifo,200,21600,19438,2162,10.00925925925926,21597,2159,9.996758809093857
0.279,orbit-spaced,roundrobin,200,21600,19539,2061,9.541666666666666,21600,2061,9.541666666666666
0.279,orbit-spaced,random,200,21600,18899,2701,12.50462962962963,21597,2698,12.492475806825022
2.799,close-orbit-spaced,sticky,1,21600,1156,20444,94.64814814814815,1673,517,30.90257023311417
2.799,close-orbit-spaced,fifo,1,21600,1156,20444,94.64814814814815,1331,175,13.148009015777612
2.799,close-orbit-spaced,roundrobin,1,21600,1156,20444,94.64814814814815,1673,517,30.90257023311417
2.799,close-orbit-spaced,random,1,21600,1156,20444,94.64814814814815,1331,175,13.148009015777612
2.799,close-orbit-spaced,sticky,25,21600,19816,1784,8.25925925925926,21597,1781,8.246515719775894
2.799,close-orbit-spaced,fifo,25,21600,20119,1481,6.856481481481482,21030,911,4.331906799809795
2.799,close-orbit-spaced,roundrobin,25,21600,20035,1565,7.24537037037037,21579,1544,7.155104499745122
2.799,close-orbit-spaced,random,25,21600,20121,1479,6.847222222222222,21028,907,4.313296556971657
2.799,close-orbit-spaced,sticky,50,21600,19843,1757,8.13425925925926,21597,1754,8.121498356253182
2.799,close-orbit-spaced,fifo,50,21600,20875,725,3.356481481481482,21563,688,3.190650651579094
2.799,close-orbit-spaced,roundrobin,50,21600,20784,816,3.7777777777777777,21581,797,3.693063342755201
2.799,close-orbit-spaced,random,50,21600,20874,726,3.361111111111111,21564,690,3.1997774067890927
2.799,close-orbit-spaced,sticky,100,21600,19839,1761,8.152777777777779,21597,1758,8.140019447145438
2.799,close-orbit-spaced,fifo,100,21600,21284,316,1.462962962962963,21597,313,1.4492753623188406
2.799,close-orbit-spaced,roundrobin,100,21600,21211,389,1.800925925925926,21600,389,1.800925925925926
2.799,close-orbit-spaced,random,100,21600,21265,335,1.5509259259259258,21597,332,1.537250544057045
2.799,close-orbit-spaced,sticky,200,21600,19822,1778,8.231481481481481,21597,1775,8.218734083437514
2.799,close-orbit-spaced,fifo,200,21600,21473,127,0.5879629629629629,21597,124,0.5741538176598602
2.799,close-orbit-spaced,roundrobin,200,21600,21365,235,1.087962962962963,21600,235,1.087962962962963
2.799,close-orbit-spaced,random,200,21600,21456,144,0.6666666666666667,21597,141,0.6528684539519378
2.799,close-spaced,sticky,1,21600,1156,20444,94.64814814814815,1673,517,30.90257023311417
2.799,close-spaced,fifo,1,21600,1156,20444,94.64814814814815,1331,175,13.148009015777612
2.799,close-spaced,roundrobin,1,21600,1156,20444,94.64814814814815,1673,517,30.90257023311417
2.799,close-spaced,random,1,21600,1156,20444,94.64814814814815,1331,175,13.148009015777612
2.799,close-spaced,sticky,25,21600,1266,20334,94.1388888888889,1677,411,24.508050089445437
2.799,close-spaced,fifo,25,21600,1651,19949,92.35648148148148,1677,26,1.550387596899225
2.799,close-spaced,roundrobin,25,21600,1651,19949,92.35648148148148,1677,26,1.550387596899225
2.799,close-spaced,random,25,21600,1651,19949,92.35648148148148,1677,26,1.550387596899225
2.799,close-spaced,sticky,50,21600,1266,20334,94.1388888888889,1677,411,24.508050089445437
2.799,close-spaced,fifo,50,21600,1651,19949,92.35648148148148,1677,26,1.550387596899225
2.799,close-spaced,roundrobin,50,21600,1651,19949,92.35648148148148,1677,26,1.550387596899225
2.799,close-spaced,random,50,21600,1653,19947,92.34722222222223,1677,24,1.4311270125223614
2.799,close-spaced,sticky,100,21600,1266,20334,94.1388888888889,1677,411,24.508050089445437
2.799,close-spaced,fifo,100,21600,1651,19949,92.35648148148148,1677,26,1.550387596899225
2.799,close-spaced,roundrobin,100,21600,1651,19949,92.35648148148148,1677,26,1.550387596899225
2.799,close-spaced,random,100,21600,1655,19945,92.33796296296296,1677,22,1.311866428145498
2.799,close-spaced,sticky,200,21600,1266,20334,94.1388888888889,1677,411,24.508050089445437
2.799,close-spaced,fifo,200,21600,1652,19948,92.35185185185185,1677,25,1.4907573047107932
2.799,close-spaced,roundrobin,200,21600,1652,19948,92.35185185185185,1677,25,1.4907573047107932
2.799,close-spaced,random,200,21600,1655,19945,92.33796296296296,1677,22,1.311866428145498
2.799,frame-spaced,sticky,1,21600,1156,20444,94.64814814814815,1673,517,30.90257023311417
2.799,frame-spaced,fifo,1,21600,1156,20444,94.64814814814815,1331,175,13.148009015777612
2.799,frame-spaced,roundrobin,1,21600,1156,20444,94.64814814814815,1673,517,30.90257023311417
2.799,frame-spaced,random,1,21600,1156,20444,94.64814814814815,1331,175,13.148009015777612
2.799,frame-spaced,sticky,25,21600,1292,20308,94.01851851851852,1811,519,28.65819988956378
2.799,frame-spaced,fifo,25,21600,1780,19820,91.75925925925927,1811,31,1.7117614577581448
2.799,frame-spaced,roundrobin,25,21600,1780,19820,91.75925925925927,1811,31,1.7117614577581448
2.799,frame-spaced,random,25,21600,1779,19821,91.76388888888889,1811,32,1.7669795692987302
2.799,frame-spaced,sticky,50,21600,1433,20167,93.36574074074075,1955,522,26.70076726342711
2.799,frame-spaced,fifo,50,21600,1921,19679,91.10648148148148,1955,34,1.7391304347826086
2.799,frame-spaced,roundrobin,50,21600,1921,19679,91.10648148148148,1955,34,1.7391304347826086
2.799,frame-spaced,random,50,21600,1916,19684,91.12962962962963,1955,39,1.9948849104859334
2.799,frame-spaced,sticky,100,21600,1716,19884,92.05555555555556,2243,527,23.49531876950513
2.799,frame-spaced,fifo,100,21600,2192,19408,89.85185185185185,2243,51,2.2737405260811414
2.799,frame-spaced,roundrobin,100,21600,2192,19408,89.85185185185185,2243,51,2.2737405260811414
2.799,frame-spaced,random,100,21600,2197,19403,89.82870370370371,2243,46,2.0508247882300488
2.799,frame-spaced,sticky,200,21600,2290,19310,89.39814814814815,2714,424,15.622697126013266
2.799,frame-spaced,fifo,200,21600,2641,18959,87.77314814814815,2714,73,2.6897568165070007
2.799,frame-spaced,roundrobin,200,21600,2634,18966,87.80555555555556,2717,83,3.05483989694516
2.799,frame-spaced,random,200,21600,2631,18969,87.81944444444446,2714,83,3.058216654384672
2.799,orbit-spaced,sticky,1,21600,1156,20444,94.64814814814815,1673,517,30.90257023311417
2.799,orbit-spaced,fifo,1,21600,1156,20444,94.64814814814815,1331,175,13.148009015777612
2.799,orbit-spaced,roundrobin,1,21600,1156,20444,94.64814814814815,1673,517,30.90257023311417
2.799,orbit-spaced,random,1,21600,1156,20444,94.64814814814815,1331,175,13.148009015777612
2.799,orbit-spaced,sticky,25,21600,19816,1784,8.25925925925926,21597,1781,8.246515719775894
2.799,orbit-spaced,fifo,25,21600,20119,1481,6.856481481481482,21030,911,4.331906799809795
2.799,orbit-spaced,roundrobin,25,21600,20035,1565,7.24537037037037,21579,1544,7.155104499745122
2.799,orbit-spaced,random,25,21600,20121,1479,6.847222222222222,21028,907,4.313296556971657
2.799,orbit-spaced,sticky,50,21600,20736,864,4.0,21597,861,3.986664814557577
2.799,orbit-spaced,fifo,50,21600,20937,663,3.0694444444444446,21597,660,3.0559799972218364
2.799,orbit-spaced,roundrobin,50,21600,20844,756,3.5000000000000004,21582,738,3.419516263552961
2.799,orbit-spaced,random,50,21600,20941,659,3.050925925925926,21597,656,3.037458906329583
2.799,orbit-spaced,sticky,100,21600,20993,607,2.8101851851851856,21597,604,2.7966847247302864
2.799,orbit-spaced,fifo,100,21600,21332,268,1.2407407407407407,21597,265,1.227022271611798
2.799,orbit-spaced,roundrobin,100,21600,21203,397,1.837962962962963,21600,397,1.837962962962963
2.799,orbit-spaced,random,100,21600,21316,284,1.3148148148148149,21597,281,1.301106635180812
2.799,orbit-spaced,sticky,200,21600,21037,563,2.6064814814814814,21597,560,2.5929527249154973
2.799,orbit-spaced,fifo,200,21600,21489,111,0.513888888888889,21597,108,0.5000694540908459
2.799,orbit-spaced,roundrobin,200,21600,21372,228,1.0555555555555556,21600,228,1.0555555555555556
2.799,orbit-spaced,random,200,21600,21443,157,0.7268518518518519,21597,154,0.7130619993517618
28.0,close-orbit-spaced,sticky,1,21600,1648,19952,92.37037037037037,1673,25,1.4943215780035863
28.0,close-orbit-spaced,fifo,1,21600,1648,19952,92.37037037037037,1673,25,1.4943215780035863
28.0,close-orbit-spaced,roundrobin,1,21600,1648,19952,92.37037037037037,1673,25,1.4943215780035863
28.0,close-orbit-spaced,random,1,21600,1648,19952,92.37037037037037,1673,25,1.4943215780035863
28.0,close-orbit-spaced,sticky,25,21600,21530,70,0.32407407407407407,21597,67,0.31022827244524703
28.0,close-orbit-spaced,fifo,25,21600,21542,58,0.2685185185185185,21597,55,0.2546649997684864
28.0,close-orbit-spaced,roundrobin,25,21600,21484,116,0.537037037037037,21579,95,0.4402428286760276
28.0,close-orbit-spaced,random,25,21600,21542,58,0.2685185185185185,21597,55,0.2546649997684864
28.0,close-orbit-spaced,sticky,50,21600,21534,66,0.3055555555555556,21597,63,0.29170718155299347
28.0,close-orbit-spaced,fifo,50,21600,21576,24,0.1111111111111111,21597,21,0.09723572718433116
28.0,close-orbit-spaced,roundrobin,50,21600,21483,117,0.5416666666666667,21581,98,0.45410314628608495
28.0,close-orbit-spaced,random,50,21600,21568,32,0.14814814814814814,21597,29,0.13427790896883826
28.0,close-orbit-spaced,sticky,100,21600,21410,190,0.8796296296296297,21597,187,0.8658609992128536
28.0,close-orbit-spaced,fifo,100,21600,21574,26,0.12037037037037038,21597,23,0.10649627263045794
28.0,close-orbit-spaced,roundrobin,100,21600,21512,88,0.4074074074074074,21600,88,0.4074074074074074
28.0,close-orbit-spaced,random,100,21600,21577,23,0.10648148148148148,21597,20,0.09260545446126776
28.0,close-orbit-spaced,sticky,200,21600,21421,179,0.8287037037037037,21597,176,0.8149279992591564
28.0,close-orbit-spaced,fifo,200,21600,21584,16,0.07407407407407407,21597,13,0.06019354539982405
28.0,close-orbit-spaced,roundrobin,200,21600,21523,77,0.3564814814814815,21600,77,0.3564814814814815
28.0,close-orbit-spaced,random,200,21600,21585,15,0.06944444444444445,21597,12,0.055563272676760665
28.0,close-spaced,sticky,1,21600,1648,19952,92.37037037037037,1673,25,1.4943215780035863
28.0,close-spaced,fifo,1,21600,1648,19952,92.37037037037037,1673,25,1.4943215780035863
28.0,close-spaced,roundrobin,1,21600,1648,19952,92.37037037037037,1673,25,1.4943215780035863
28.0,close-spaced,random,1,21600,1648,19952,92.37037037037037,1673,25,1.4943215780035863
28.0,close-spaced,sticky,25,21600,1652,19948,92.35185185185185,1677,25,1.4907573047107932
28.0,close-spaced,fifo,25,21600,1652,19948,92.35185185185185,1677,25,1.4907573047107932
28.0,close-spaced,roundrobin,25,21600,1652,19948,92.35185185185185,1677,25,1.4907573047107932
28.0,close-spaced,random,25,21600,1652,19948,92.35185185185185,1677,25,1.4907573047107932
28.0,close-spaced,sticky,50,21600,1652,19948,92.35185185185185,1677,25,1.4907573047107932
28.0,close-spaced,fifo,50,21600,1652,19948,92.35185185185185,1677,25,1.4907573047107932
28.0,close-spaced,roundrobin,50,21600,1652,19948,92.35185185185185,1677,25,1.4907573047107932
28.0,close-spaced,random,50,21600,1652,19948,92.35185185185185,1677,25,1.4907573047107932
28.0,close-spaced,sticky,100,21600,1652,19948,92.35185185185185,1677,25,1.4907573047107932
28.0,close-spaced,fifo,100,21600,1652,19948,92.35185185185185,1677,25,1.4907573047107932
28.0,close-spaced,roundrobin,100,21600,1652,19948,92.35185185185185,1677,25,1.4907573047107932
28.0,close-spaced,random,100,21600,1652,19948,92.35185185185185,1677,25,1.4907573047107932
28.0,close-spaced,sticky,200,21600,1652,19948,92.35185185185185,1677,25,1.4907573047107932
28.0,close-spaced,fifo,200,21600,1652,19948,92.35185185185185,1677,25,1.4907573047107932
28.0,close-spaced,roundrobin,200,21600,1652,19948,92.35185185185185,1677,25,1.4907573047107932
28.0,close-spaced,random,200,21600,1652,19948,92.35185185185185,1677,25,1.4907573047107932
28.0,frame-spaced,sticky,1,21600,1648,19952,92.37037037037037,1673,25,1.4943215780035863
28.0,frame-spaced,fifo,1,21600,1648,19952,92.37037037037037,1673,25,1.4943215780035863
28.0,frame-spaced,roundrobin,1,21600,1648,19952,92.37037037037037,1673,25,1.4943215780035863
28.0,frame-spaced,random,1,21600,1648,19952,92.37037037037037,1673,25,1.4943215780035863
28.0,frame-spaced,sticky,25,21600,1753,19847,91.88425925925927,1811,58,3.202650469353948
28.0,frame-spaced,fifo,25,21600,1809,19791,91.625,1811,2,0.11043622308117064
28.0,frame-spaced,roundrobin,25,21600,1809,19791,91.625,1811,2,0.11043622308117064
28.0,frame-spaced,random,25,21600,1809,19791,91.625,1811,2,0.11043622308117064
28.0,frame-spaced,sticky,50,21600,1860,19740,91.38888888888889,1955,95,4.859335038363171
28.0,frame-spaced,fifo,50,21600,1954,19646,90.95370370370371,1955,1,0.051150895140664954
28.0,frame-spaced,roundrobin,50,21600,1954,19646,90.95370370370371,1955,1,0.051150895140664954
28.0,frame-spaced,random,50,21600,1954,19646,90.95370370370371,1955,1,0.051150895140664954
28.0,frame-spaced,sticky,100,21600,2075,19525,90.39351851851852,2243,168,7.489968791796701
28.0,frame-spaced,fifo,100,21600,2239,19361,89.63425925925927,2243,4,0.17833259028087384
28.0,frame-spaced,roundrobin,100,21600,2239,19361,89.63425925925927,2243,4,0.17833259028087384
28.0,frame-spaced,random,100,21600,2208,19392,89.77777777777777,2243,35,1.560410164957646
28.0,frame-spaced,sticky,200,21600,2543,19057,88.22685185185185,2714,171,6.3006632277081795
28.0,frame-spaced,fifo,200,21600,2705,18895,87.47685185185186,2714,9,0.3316138540899042
28.0,frame-spaced,roundrobin,200,21600,2635,18965,87.80092592592592,2717,82,3.0180345969819653
28.0,frame-spaced,random,200,21600,2682,18918,87.58333333333333,2714,32,1.1790714812085483
28.0,orbit-spaced,sticky,1,21600,1648,19952,92.37037037037037,1673,25,1.4943215780035863
28.0,orbit-spaced,fifo,1,21600,1648,19952,92.37037037037037,1673,25,1.4943215780035863
28.0,orbit-spaced,roundrobin,1,21600,1648,19952,92.37037037037037,1673,25,1.4943215780035863
28.0,orbit-spaced,random,1,21600,1648,19952,92.37037037037037,1673,25,1.4943215780035863
28.0,orbit-spaced,sticky,25,21600,21530,70,0.32407407407407407,21597,67,0.31022827244524703
28.0,orbit-spaced,fifo,25,21600,21542,58,0.2685185185185185,21597,55,0.2546649997684864
28.0,orbit-spaced,roundrobin,25,21600,21484,116,0.537037037037037,21579,95,0.4402428286760276
28.0,orbit-spaced,random,25,21600,21542,58,0.2685185185185185,21597,55,0.2546649997684864
28.0,orbit-spaced,sticky,50,21600,21580,20,0.0925925925925926,21597,17,0.0787146362920776
28.0,orbit-spaced,fifo,50,21600,21580,20,0.0925925925925926,21597,17,0.0787146362920776
28.0,orbit-spaced,roundrobin,50,21600,21560,40,0.1851851851851852,21582,22,0.10193679918450561
28.0,orbit-spaced,random,50,21600,21545,55,0.25462962962962965,21597,52,0.2407741815992962
28.0,orbit-spaced,sticky,100,21600,21580,20,0.0925925925925926,21597,17,0.0787146362920776
28.0,orbit-spaced,fifo,100,21600,21580,20,0.0925925925925926,21597,17,0.0787146362920776
28.0,orbit-spaced,roundrobin,100,21600,21578,22,0.10185185185185185,21600,22,0.10185185185185185
28.0,orbit-spaced,random,100,21600,21560,40,0.1851851851851852,21597,37,0.17132009075334537
28.0,orbit-spaced,sticky,200,21600,21590,10,0.0462962962962963,21597,7,0.032411909061443714
28.0,orbit-spaced,fifo,200,21600,21590,10,0.0462962962962963,21597,7,0.032411909061443714
28.0,orbit-spaced,roundrobin,200,21600,21539,61,0.2824074074074074,21600,61,0.2824074074074074
28.0,orbit-spaced,random,200,21600,21561,39,0.18055555555555555,21597,36,0.166689818030282
280.0,close-orbit-spaced,sticky,1,21600,1673,19927,92.25462962962962,1673,0,0.0
280.0,close-orbit-spaced,fifo,1,21600,1673,19927,92.25462962962962,1673,0,0.0
280.0,close-orbit-spaced,roundrobin,1,21600,1673,19927,92.25462962962962,1673,0,0.0
280.0,close-orbit-spaced,random,1,21600,1673,19927,92.25462962962962,1673,0,0.0
280.0,close-orbit-spaced,sticky,25,21600,21597,3,0.013888888888888888,21597,0,0.0
280.0,close-orbit-spaced,fifo,25,21600,21597,3,0.013888888888888888,21597,0,0.0
280.0,close-orbit-spaced,roundrobin,25,21600,21576,24,0.1111111111111111,21579,3,0.013902405116085082
280.0,close-orbit-spaced,random,25,21600,21597,3,0.013888888888888888,21597,0,0.0
280.0,close-orbit-spaced,sticky,50,21600,21597,3,0.013888888888888888,21597,0,0.0
280.0,close-orbit-spaced,fifo,50,21600,21597,3,0.013888888888888888,21597,0,0.0
280.0,close-orbit-spaced,roundrobin,50,21600,21578,22,0.10185185185185185,21581,3,0.013901116723043417
280.0,close-orbit-spaced,random,50,21600,21597,3,0.013888888888888888,21597,0,0.0
280.0,close-orbit-spaced,sticky,100,21600,21597,3,0.013888888888888888,21597,0,0.0
280.0,close-orbit-spaced,fifo,100,21600,21597,3,0.013888888888888888,21597,0,0.0
280.0,close-orbit-spaced,roundrobin,100,21600,21597,3,0.013888888888888888,21600,3,0.013888888888888888
280.0,close-orbit-spaced,random,100,21600,21597,3,0.013888888888888888,21597,0,0.0
280.0,close-orbit-spaced,sticky,200,21600,21597,3,0.013888888888888888,21597,0,0.0
280.0,close-orbit-spaced,fifo,200,21600,21597,3,0.013888888888888888,21597,0,0.0
280.0,close-orbit-spaced,roundrobin,200,21600,21597,3,0.013888888888888888,21600,3,0.013888888888888888
280.0,close-orbit-spaced,random,200,21600,21597,3,0.013888888888888888,21597,0,0.0
280.0,close-spaced,sticky,1,21600,1673,19927,92.25462962962962,1673,0,0.0
280.0,close-spaced,fifo,1,21600,1673,19927,92.25462962962962,1673,0,0.0
280.0,close-spaced,roundrobin,1,21600,1673,19927,92.25462962962962,1673,0,0.0
280.0,close-spaced,random,1,21600,1673,19927,92.25462962962962,1673,0,0.0
280.0,close-spaced,sticky,25,21600,1677,19923,92.23611111111111,1677,0,0.0
280.0,close-spaced,fifo,25,21600,1677,19923,92.23611111111111,1677,0,0.0
280.0,close-spaced,roundrobin,25,21600,1677,19923,92.23611111111111,1677,0,0.0
280.0,close-spaced,random,25,21600,1677,19923,92.23611111111111,1677,0,0.0
280.0,close-spaced,sticky,50,21600,1677,19923,92.23611111111111,1677,0,0.0
280.0,close-spaced,fifo,50,21600,1677,19923,92.23611111111111,1677,0,0.0
280.0,close-spaced,roundrobin,50,21600,1677,19923,92.23611111111111,1677,0,0.0
280.0,close-spaced,random,50,21600,1677,19923,92.23611111111111,1677,0,0.0
280.0,close-spaced,sticky,100,21600,1677,19923,92.23611111111111,1677,0,0.0
280.0,close-spaced,fifo,100,21600,1677,19923,92.23611111111111,1677,0,0.0
280.0,close-spaced,roundrobin,100,21600,1677,19923,92.23611111111111,1677,0,0.0
280.0,close-spaced,random,100,21600,1677,19923,92.23611111111111,1677,0,0.0
280.0,close-spaced,sticky,200,21600,1677,19923,92.23611111111111,1677,0,0.0
280.0,close-spaced,fifo,200,21600,1677,19923,92.23611111111111,1677,0,0.0
280.0,close-spaced,roundrobin,200,21600,1677,19923,92.23611111111111,1677,0,0.0
280.0,close-spaced,random,200,21600,1677,19923,92.23611111111111,1677,0,0.0
280.0,frame-spaced,sticky,1,21600,1673,19927,92.25462962962962,1673,0,0.0
280.0,frame-spaced,fifo,1,21600,1673,19927,92.25462962962962,1673,0,0.0
280.0,frame-spaced,roundrobin,1,21600,1673,19927,92.25462962962962,1673,0,0.0
280.0,frame-spaced,random,1,21600,1673,19927,92.25462962962962,1673,0,0.0
280.0,frame-spaced,sticky,25,21600,1811,19789,91.61574074074073,1811,0,0.0
280.0,frame-spaced,fifo,25,21600,1811,19789,91.61574074074073,1811,0,0.0
280.0,frame-spaced,roundrobin,25,21600,1811,19789,91.61574074074073,1811,0,0.0
280.0,frame-spaced,random,25,21600,1811,19789,91.61574074074073,1811,0,0.0
280.0,frame-spaced,sticky,50,21600,1955,19645,90.94907407407408,1955,0,0.0
280.0,frame-spaced,fifo,50,21600,1955,19645,90.94907407407408,1955,0,0.0
280.0,frame-spaced,roundrobin,50,21600,1955,19645,90.94907407407408,1955,0,0.0
280.0,frame-spaced,random,50,21600,1955,19645,90.94907407407408,1955,0,0.0
280.0,frame-spaced,sticky,100,21600,2243,19357,89.61574074074075,2243,0,0.0
280.0,frame-spaced,fifo,100,21600,2243,19357,89.61574074074075,2243,0,0.0
280.0,frame-spaced,roundrobin,100,21600,2243,19357,89.61574074074075,2243,0,0.0
280.0,frame-spaced,random,100,21600,2243,19357,89.61574074074075,2243,0,0.0
280.0,frame-spaced,sticky,200,21600,2714,18886,87.43518518518518,2714,0,0.0
280.0,frame-spaced,fifo,200,21600,2714,18886,87.43518518518518,2714,0,0.0
280.0,frame-spaced,roundrobin,200,21600,2714,18886,87.43518518518518,2717,3,0.11041589988958411
280.0,frame-spaced,random,200,21600,2714,18886,87.43518518518518,2714,0,0.0
280.0,orbit-spaced,sticky,1,21600,1673,19927,92.25462962962962,1673,0,0.0
280.0,orbit-spaced,fifo,1,21600,1673,19927,92.25462962962962,1673,0,0.0
280.0,orbit-spaced,roundrobin,1,21600,1673,19927,92.25462962962962,1673,0,0.0
280.0,orbit-spaced,random,1,21600,1673,19927,92.25462962962962,1673,0,0.0
280.0,orbit-spaced,sticky,25,21600,21597,3,0.013888888888888888,21597,0,0.0
280.0,orbit-spaced,fifo,25,21600,21597,3,0.013888888888888888,21597,0,0.0
280.0,orbit-spaced,roundrobin,25,21600,21576,24,0.1111111111111111,21579,3,0.013902405116085082
280.0,orbit-spaced,random,25,21600,21597,3,0.013888888888888888,21597,0,0.0
280.0,orbit-spaced,sticky,50,21600,21597,3,0.013888888888888888,21597,0,0.0
280.0,orbit-spaced,fifo,50,21600,21597,3,0.013888888888888888,21597,0,0.0
280.0,orbit-spaced,roundrobin,50,21600,21579,21,0.09722222222222222,21582,3,0.013900472616068946
280.0,orbit-spaced,random,50,21600,21597,3,0.013888888888888888,21597,0,0.0
280.0,orbit-spaced,sticky,100,21600,21597,3,0.013888888888888888,21597,0,0.0
280.0,orbit-spaced,fifo,100,21600,21597,3,0.013888888888888888,21597,0,0.0
280.0,orbit-spaced,roundrobin,100,21600,21597,3,0.013888888888888888,21600,3,0.013888888888888888
280.0,orbit-spaced,random,100,21600,21597,3,0.013888888888888888,21597,0,0.0
280.0,orbit-spaced,sticky,200,21600,21597,3,0.013888888888888888,21597,0,0.0
280.0,orbit-spaced,fifo,200,21600,21597,3,0.013888888888888888,21597,0,0.0
280.0,orbit-spaced,roundrobin,200,21600,21597,3,0.013888888888888888,21600,3,0.013888888888888888
280.0,orbit-spaced,random,200,21600,21597,3,0.013888888888888888,21597,0,0.0
1024.0,close-orbit-spaced,sticky,1,21600,1673,19927,92.25462962962962,1673,0,0.0
1024.0,close-orbit-spaced,fifo,1,21600,1673,19927,92.25462962962962,1673,0,0.0
1024.0,close-orbit-spaced,roundrobin,1,21600,1673,19927,92.25462962962962,1673,0,0.0
1024.0,close-orbit-spaced,random,1,21600,1673,19927,92.25462962962962,1673,0,0.0
1024.0,close-orbit-spaced,sticky,25,21600,21597,3,0.013888888888888888,21597,0,0.0
1024.0,close-orbit-spaced,fifo,25,21600,21597,3,0.013888888888888888,21597,0,0.0
1024.0,close-orbit-spaced,roundrobin,25,21600,21576,24,0.1111111111111111,21579,3,0.013902405116085082
1024.0,close-orbit-spaced,random,25,21600,21597,3,0.013888888888888888,21597,0,0.0
1024.0,close-orbit-spaced,sticky,50,21600,21597,3,0.013888888888888888,21597,0,0.0
1024.0,close-orbit-spaced,fifo,50,21600,21597,3,0.013888888888888888,21597,0,0.0
1024.0,close-orbit-spaced,roundrobin,50,21600,21578,22,0.10185185185185185,21581,3,0.013901116723043417
1024.0,close-orbit-spaced,random,50,21600,21597,3,0.013888888888888888,21597,0,0.0
1024.0,close-orbit-spaced,sticky,100,21600,21597,3,0.013888888888888888,21597,0,0.0
1024.0,close-orbit-spaced,fifo,100,21600,21597,3,0.013888888888888888,21597,0,0.0
1024.0,close-orbit-spaced,roundrobin,100,21600,21597,3,0.013888888888888888,21600,3,0.013888888888888888
1024.0,close-orbit-spaced,random,100,21600,21597,3,0.013888888888888888,21597,0,0.0
1024.0,close-orbit-spaced,sticky,200,21600,21597,3,0.013888888888888888,21597,0,0.0
1024.0,close-orbit-spaced,fifo,200,21600,21597,3,0.013888888888888888,21597,0,0.0
1024.0,close-orbit-spaced,roundrobin,200,21600,21597,3,0.013888888888888888,21600,3,0.013888888888888888
1024.0,close-orbit-spaced,random,200,21600,21597,3,0.013888888888888888,21597,0,0.0
1024.0,close-spaced,sticky,1,21600,1673,19927,92.25462962962962,1673,0,0.0
1024.0,close-spaced,fifo,1,21600,1673,19927,92.25462962962962,1673,0,0.0
1024.0,close-spaced,roundrobin,1,21600,1673,19927,92.25462962962962,1673,0,0.0
1024.0,close-spaced,random,1,21600,1673,19927,92.25462962962962,1673,0,0.0
1024.0,close-spaced,sticky,25,21600,1677,19923,92.23611111111111,1677,0,0.0
1024.0,close-spaced,fifo,25,21600,1677,19923,92.23611111111111,1677,0,0.0
1024.0,close-spaced,roundrobin,25,21600,1677,19923,92.23611111111111,1677,0,0.0
1024.0,close-spaced,random,25,21600,1677,19923,92.23611111111111,1677,0,0.0
1024.0,close-spaced,sticky,50,21600,1677,19923,92.23611111111111,1677,0,0.0
1024.0,close-spaced,fifo,50,21600,1677,19923,92.23611111111111,1677,0,0.0
1024.0,close-spaced,roundrobin,50,21600,1677,19923,92.23611111111111,1677,0,0.0
1024.0,close-spaced,random,50,21600,1677,19923,92.23611111111111,1677,0,0.0
1024.0,close-spaced,sticky,100,21600,1677,19923,92.23611111111111,1677,0,0.0
1024.0,close-spaced,fifo,100,21600,1677,19923,92.23611111111111,1677,0,0.0
1024.0,close-spaced,roundrobin,100,21600,1677,19923,92.23611111111111,1677,0,0.0
1024.0,close-spaced,random,100,21600,1677,19923,92.23611111111111,1677,0,0.0
1024.0,close-spaced,sticky,200,21600,1677,19923,92.23611111111111,1677,0,0.0
1024.0,close-spaced,fifo,200,21600,1677,19923,92.23611111111111,1677,0,0.0
1024.0,close-spaced,roundrobin,200,21600,1677,19923,92.23611111111111,1677,0,0.0
1024.0,close-spaced,random,200,21600,1677,19923,92.23611111111111,1677,0,0.0
1024.0,frame-spaced,sticky,1,21600,1673,19927,92.25462962962962,1673,0,0.0
1024.0,frame-spaced,fifo,1,21600,1673,19927,92.25462962962962,1673,0,0.0
1024.0,frame-spaced,roundrobin,1,21600,1673,19927,92.25462962962962,1673,0,0.0
1024.0,frame-spaced,random,1,21600,1673,19927,92.25462962962962,1673,0,0.0
1024.0,frame-spaced,sticky,25,21600,1811,19789,91.61574074074073,1811,0,0.0
1024.0,frame-spaced,fifo,25,21600,1811,19789,91.61574074074073,1811,0,0.0
1024.0,frame-spaced,roundrobin,25,21600,1811,19789,91.61574074074073,1811,0,0.0
1024.0,frame-spaced,random,25,21600,1811,19789,91.61574074074073,1811,0,0.0
1024.0,frame-spaced,sticky,50,21600,1955,19645,90.94907407407408,1955,0,0.0
1024.0,frame-spaced,fifo,50,21600,1955,19645,90.94907407407408,1955,0,0.0
1024.0,frame-spaced,roundrobin,50,21600,1955,19645,90.94907407407408,1955,0,0.0
1024.0,frame-spaced,random,50,21600,1955,19645,90.94907407407408,1955,0,0.0
1024.0,frame-spaced,sticky,100,21600,2243,19357,89.61574074074075,2243,0,0.0
1024.0,frame-spaced,fifo,100,21600,2243,19357,89.61574074074075,2243,0,0.0
1024.0,frame-spaced,roundrobin,100,21600,2243,19357,89.61574074074075,2243,0,0.0
1024.0,frame-spaced,random,100,21600,2243,19357,89.61574074074075,2243,0,0.0
1024.0,frame-spaced,sticky,200,21600,2714,18886,87.43518518518518,2714,0,0.0
1024.0,frame-spaced,fifo,200,21600,2714,18886,87.43518518518518,2714,0,0.0
1024.0,frame-spaced,roundrobin,200,21600,2714,18886,87.43518518518518,2717,3,0.11041589988958411
1024.0,frame-spaced,random,200,21600,2714,18886,87.43518518518518,2714,0,0.0
1024.0,orbit-spaced,sticky,1,21600,1673,19927,92.25462962962962,1673,0,0.0
1024.0,orbit-spaced,fifo,1,21600,1673,19927,92.25462962962962,1673,0,0.0
1024.0,orbit-spaced,roundrobin,1,21600,1673,19927,92.25462962962962,1673,0,0.0
1024.0,orbit-spaced,random,1,21600,1673,19927,92.25462962962962,1673,0,0.0
1024.0,orbit-spaced,sticky,25,21600,21597,3,0.013888888888888888,21597,0,0.0
1024.0,orbit-spaced,fifo,25,21600,21597,3,0.013888888888888888,21597,0,0.0
1024.0,orbit-spaced,roundrobin,25,21600,21576,24,0.1111111111111111,21579,3,0.013902405116085082
1024.0,orbit-spaced,random,25,21600,21597,3,0.013888888888888888,21597,0,0.0
1024.0,orbit-spaced,sticky,50,21600,21597,3,0.013888888888888888,21597,0,0.0
1024.0,orbit-spaced,fifo,50,21600,21597,3,0.013888888888888888,21597,0,0.0
1024.0,orbit-spaced,roundrobin,50,21600,21579,21,0.09722222222222222,21582,3,0.013900472616068946
1024.0,orbit-spaced,random,50,21600,21597,3,0.013888888888888888,21597,0,0.0
1024.0,orbit-spaced,sticky,100,21600,21597,3,0.013888888888888888,21597,0,0.0
1024.0,orbit-spaced,fifo,100,21600,21597,3,0.013888888888888888,21597,0,0.0
1024.0,orbit-spaced,roundrobin,100,21600,21597,3,0.013888888888888888,21600,3,0.013888888888888888
1024.0,orbit-spaced,random,100,21600,21597,3,0.013888888888888888,21597,0,0.0
1024.0,orbit-spaced,sticky,200,21600,21597,3,0.013888888888888888,21597,0,0.0
1024.0,orbit-spaced,fifo,200,21600,21597,3,0.013888888888888888,21597,0,0.0
1024.0,orbit-spaced,roundrobin,200,21600,21597,3,0.013888888888888888,21600,3,0.013888888888888888
1024.0,orbit-spaced,random,200,21600,21597,3,0.013888888888888888,21597,0,0.0
