image_size_mb,policy,num_sats,orbital_spacing_deg,data_downloaded_gb
0.027,sticky,1,360.0,0.1657527490234375
0.027,fifo,1,360.0,0.1657527490234375
0.027,roundrobin,1,360.0,0.1657527490234375
0.027,random,1,360.0,0.1657527490234375
0.027,sticky,10,36.0,1.8426625800781251
0.027,fifo,10,36.0,1.8426625800781251
0.027,roundrobin,10,36.0,1.8426625800781251
0.027,random,10,36.0,1.8426625800781251
0.027,sticky,15,24.0,2.751679359375
0.027,fifo,15,24.0,2.75165058984375
0.027,roundrobin,15,24.0,2.7445400419921877
0.027,random,15,24.0,2.7515359033203124
0.027,sticky,17,21.176470588235293,3.0817513847656253
0.027,fifo,17,21.176470588235293,3.131869806640625
0.027,roundrobin,17,21.176470588235293,3.117189982421875
0.027,random,17,21.176470588235293,3.1318411367187498
0.027,sticky,18,20.0,3.275946828125
0.027,fifo,18,20.0,3.325491737304687
0.027,roundrobin,18,20.0,3.307600708984375
0.027,random,18,20.0,3.32540572265625
0.027,sticky,19,18.94736842105263,3.466931005859375
0.027,fifo,19,18.94736842105263,3.466901956054688
0.027,roundrobin,19,18.94736842105263,3.4443087949218745
0.027,random,19,18.94736842105263,3.4669019589843746
0.027,sticky,20,18.0,3.660725040039063
0.027,fifo,20,18.0,3.6606959238281247
0.027,roundrobin,20,18.0,3.6341174160156253
0.027,random,20,18.0,3.6606385810546875
0.027,sticky,25,14.4,4.566186693359374
0.027,fifo,25,14.4,4.566157271484375
0.027,roundrobin,25,14.4,4.519967446289062
0.027,random,25,14.4,4.566099927734375
0.027,sticky,50,7.2,8.917650302734376
0.027,fifo,50,7.2,9.162993610351563
0.027,roundrobin,50,7.2,9.020324106445312
0.027,random,50,7.2,9.163309413085937
0.027,sticky,100,3.6,17.511994833984375
0.027,fifo,100,3.6,18.3507634375
0.027,roundrobin,100,3.6,18.014184838867187
0.027,random,100,3.6,18.34649263964844
0.027,sticky,200,1.8,34.53074865039062
0.027,fifo,200,1.8,36.65840937207031
0.027,roundrobin,200,1.8,36.0019349921875
0.027,random,200,1.8,36.591632065429685
0.279,sticky,1,360.0,1.6575280263671877
0.279,fifo,1,360.0,1.6575280263671877
0.279,roundrobin,1,360.0,1.6575280263671877
0.279,random,1,360.0,1.6575280263671877
0.279,sticky,10,36.0,18.426631163085936
0.279,fifo,10,36.0,18.426631163085936
0.279,roundrobin,10,36.0,18.426631163085936
0.279,random,10,36.0,18.426631163085936
0.279,sticky,15,24.0,27.51680071484375
0.279,fifo,15,24.0,27.516513931640624
0.279,roundrobin,15,24.0,27.44540743457031
0.279,random,15,24.0,27.5162272109375
0.279,sticky,17,21.176470588235293,30.817521026367185
0.279,fifo,17,21.176470588235293,31.318707261718746
0.279,roundrobin,17,21.176470588235293,31.17190693847656
0.279,random,17,21.176470588235293,31.318420552734374
0.279,sticky,18,20.0,32.75947539453125
0.279,fifo,18,20.0,33.05359589550781
0.279,roundrobin,18,20.0,32.8666548984375
0.279,random,18,20.0,33.05273575195312
0.279,sticky,19,18.94736842105263,34.66931711230468
0.279,fifo,19,18.94736842105263,34.66902990136718
0.279,roundrobin,19,18.94736842105263,34.443095126953125
0.279,random,19,18.94736842105263,34.668743193359376
0.279,sticky,20,18.0,36.60725743261719
0.279,fifo,20,18.0,36.60697005273437
0.279,roundrobin,20,18.0,36.34118131738281
0.279,random,20,18.0,36.6061098984375
0.279,sticky,25,14.4,45.29875451269531
0.279,fifo,25,14.4,45.661586225585935
0.279,roundrobin,25,14.4,45.19968162402344
0.279,random,25,14.4,45.661012798828125
0.279,sticky,50,7.2,89.04928721386719
0.279,fifo,50,7.2,91.63512527929687
0.279,roundrobin,50,7.2,90.20324847167969
0.279,random,50,7.2,91.63283193164062
0.279,sticky,100,3.6,170.80430402246094
0.279,fifo,100,3.6,183.14508307714846
0.279,roundrobin,100,3.6,180.10310115820312
0.279,random,100,3.6,182.91664404882812
0.279,sticky,200,1.8,163.19786333007812
0.279,fifo,200,1.8,243.1095184404297
0.279,roundrobin,200,1.8,238.88222642187498
0.279,random,200,1.8,268.3480471005859
2.799,sticky,1,360.0,16.57528295800781
2.799,fifo,1,360.0,16.57528295800781
2.799,roundrobin,1,360.0,16.57528295800781
2.799,random,1,360.0,16.57528295800781
2.799,sticky,10,36.0,182.0952714140625
2.799,fifo,10,36.0,182.0952714140625
2.799,roundrobin,10,36.0,182.0952714140625
2.799,random,10,36.0,182.0952714140625
2.799,sticky,15,24.0,267.1243838447266
2.799,fifo,15,24.0,267.0367543388672
2.799,roundrobin,15,24.0,266.9728733798828
2.799,random,15,24.0,267.0367543388672
2.799,sticky,17,21.176470588235293,273.4673057705078
2.799,fifo,17,21.176470588235293,273.5336540136719
2.799,roundrobin,17,21.176470588235293,273.221129203125
2.799,random,17,21.176470588235293,273.5279196142578
2.799,sticky,18,20.0,276.07169506933593
2.799,fifo,18,20.0,276.3631781875
2.799,roundrobin,18,20.0,275.9158949765625
2.799,random,18,20.0,276.3545765878906
2.799,sticky,19,18.94736842105263,277.76006650878907
2.799,fifo,19,18.94736842105263,278.2753686826172
2.799,roundrobin,19,18.94736842105263,277.45821666015627
2.799,random,19,18.94736842105263,278.2737157041016
2.799,sticky,20,18.0,278.9238001962891
2.799,fifo,20,18.0,279.79252877832033
2.799,roundrobin,20,18.0,278.7890087470703
2.799,random,20,18.0,279.7896615771484
2.799,sticky,25,14.4,279.0548189814453
2.799,fifo,25,14.4,282.2460306738281
2.799,roundrobin,25,14.4,279.9706449814453
2.799,random,25,14.4,282.2402962724609
2.799,sticky,50,7.2,283.78121226660153
2.799,fifo,50,7.2,271.1895469267578
2.799,roundrobin,50,7.2,267.9042735107422
2.799,random,50,7.2,292.4153062705078
2.799,sticky,100,3.6,283.1169547402344
2.799,fifo,100,3.6,263.2464006191407
2.799,roundrobin,100,3.6,260.03255251953124
2.799,random,100,3.6,295.07954916992185
2.799,sticky,200,1.8,282.05546737109375
2.799,fifo,200,1.8,257.8111235126953
2.799,roundrobin,200,1.8,255.8604710546875
2.799,random,200,1.8,299.2564279970703
28.0,sticky,1,360.0,22.942237357421874
28.0,fifo,1,360.0,22.942237357421874
28.0,roundrobin,1,360.0,22.942237357421874
28.0,random,1,360.0,22.942237357421874
28.0,sticky,10,36.0,222.61982541210938
28.0,fifo,10,36.0,222.61982541210938
28.0,roundrobin,10,36.0,222.61982541210938
28.0,random,10,36.0,222.61982541210938
28.0,sticky,15,24.0,302.3040626757812
28.0,fifo,15,24.0,302.3040626757812
28.0,roundrobin,15,24.0,302.3040626757812
28.0,random,15,24.0,302.3040626757812
28.0,sticky,17,21.176470588235293,305.1166088359375
28.0,fifo,17,21.176470588235293,305.1166088359375
28.0,roundrobin,17,21.176470588235293,305.1166088359375
28.0,random,17,21.176470588235293,305.1166088359375
28.0,sticky,18,20.0,305.89013841406245
28.0,fifo,18,20.0,305.89013841406245
28.0,roundrobin,18,20.0,305.89013841406245
28.0,random,18,20.0,305.89013841406245
28.0,sticky,19,18.94736842105263,306.12709356542973
28.0,fifo,19,18.94736842105263,306.39907709667966
28.0,roundrobin,19,18.94736842105263,304.65008509570316
28.0,random,19,18.94736842105263,306.39907709667966
28.0,sticky,20,18.0,305.9547124482422
28.0,fifo,20,18.0,306.3170881494141
28.0,roundrobin,20,18.0,304.56809614843746
28.0,random,20,18.0,306.3170881494141
28.0,sticky,25,14.4,300.5537829257812
28.0,fifo,25,14.4,300.57056574609373
28.0,roundrobin,25,14.4,299.9758200185547
28.0,random,25,14.4,300.5526392324218
28.0,sticky,50,7.2,282.191070421875
28.0,fifo,50,7.2,274.7991940039062
28.0,roundrobin,50,7.2,275.2738180673828
28.0,random,50,7.2,298.612447397461
28.0,sticky,100,3.6,272.3348817099609
28.0,fifo,100,3.6,262.14594205273437
28.0,roundrobin,100,3.6,263.17990940625003
28.0,random,100,3.6,298.45419788476556
28.0,sticky,200,1.8,268.5047103398437
28.0,fifo,200,1.8,256.49043562109375
28.0,roundrobin,200,1.8,257.04226934472655
28.0,random,200,1.8,298.8975790996094
280.0,sticky,1,360.0,23.14702342285156
280.0,fifo,1,360.0,23.14702342285156
280.0,roundrobin,1,360.0,23.14702342285156
280.0,random,1,360.0,23.14702342285156
280.0,sticky,10,36.0,222.95519328320313
280.0,fifo,10,36.0,222.95519328320313
280.0,roundrobin,10,36.0,222.95519328320313
280.0,random,10,36.0,222.95519328320313
280.0,sticky,15,24.0,303.4362302304687
280.0,fifo,15,24.0,303.4362302304687
280.0,roundrobin,15,24.0,303.4362302304687
280.0,random,15,24.0,303.4362302304687
280.0,sticky,17,21.176470588235293,306.50130054492183
280.0,fifo,17,21.176470588235293,306.50130054492183
280.0,roundrobin,17,21.176470588235293,306.50130054492183
280.0,random,17,21.176470588235293,306.50130054492183
280.0,sticky,18,20.0,307.3849550693359
280.0,fifo,18,20.0,307.3849550693359
280.0,roundrobin,18,20.0,307.3849550693359
280.0,random,18,20.0,307.3849550693359
280.0,sticky,19,18.94736842105263,307.46269629687504
280.0,fifo,19,18.94736842105263,307.46269629687504
280.0,roundrobin,19,18.94736842105263,304.8956411035157
280.0,random,19,18.94736842105263,307.46269629687504
280.0,sticky,20,18.0,306.9908408701172
280.0,fifo,20,18.0,306.9908408701172
280.0,roundrobin,20,18.0,304.90346371386715
280.0,random,20,18.0,306.9908408701172
280.0,sticky,25,14.4,301.1688067861328
280.0,fifo,25,14.4,301.1688067861328
280.0,roundrobin,25,14.4,300.79562994433593
280.0,random,25,14.4,301.15088027246094
280.0,sticky,50,7.2,276.86226492871094
280.0,fifo,50,7.2,274.92981523144533
280.0,roundrobin,50,7.2,275.5732903994141
280.0,random,50,7.2,299.2363443769531
280.0,sticky,100,3.6,265.12377896875
280.0,fifo,100,3.6,262.2765632802734
280.0,roundrobin,100,3.6,263.5674271523438
280.0,random,100,3.6,298.77109161523435
280.0,sticky,200,1.8,259.811001897461
280.0,fifo,200,1.8,256.5389066835937
280.0,roundrobin,200,1.8,257.8795837412109
280.0,random,200,1.8,298.6881708447265
1024.0,sticky,1,360.0,23.14702342285156
1024.0,fifo,1,360.0,23.14702342285156
1024.0,roundrobin,1,360.0,23.14702342285156
1024.0,random,1,360.0,23.14702342285156
1024.0,sticky,10,36.0,222.95519328320313
1024.0,fifo,10,36.0,222.95519328320313
1024.0,roundrobin,10,36.0,222.95519328320313
1024.0,random,10,36.0,222.95519328320313
1024.0,sticky,15,24.0,303.4362302304687
1024.0,fifo,15,24.0,303.4362302304687
1024.0,roundrobin,15,24.0,303.4362302304687
1024.0,random,15,24.0,303.4362302304687
1024.0,sticky,17,21.176470588235293,306.50130054492183
1024.0,fifo,17,21.176470588235293,306.50130054492183
1024.0,roundrobin,17,21.176470588235293,306.50130054492183
1024.0,random,17,21.176470588235293,306.50130054492183
1024.0,sticky,18,20.0,307.3849550693359
1024.0,fifo,18,20.0,307.3849550693359
1024.0,roundrobin,18,20.0,307.3849550693359
1024.0,random,18,20.0,307.3849550693359
1024.0,sticky,19,18.94736842105263,307.46269629687504
1024.0,fifo,19,18.94736842105263,307.46269629687504
1024.0,roundrobin,19,18.94736842105263,304.8956411035157
1024.0,random,19,18.94736842105263,307.46269629687504
1024.0,sticky,20,18.0,306.9908408701172
1024.0,fifo,20,18.0,306.9908408701172
1024.0,roundrobin,20,18.0,304.90346371386715
1024.0,random,20,18.0,306.9908408701172
1024.0,sticky,25,14.4,301.1688067861328
1024.0,fifo,25,14.4,301.1688067861328
1024.0,roundrobin,25,14.4,300.79562994433593
1024.0,random,25,14.4,301.15088027246094
1024.0,sticky,50,7.2,276.86226492871094
1024.0,fifo,50,7.2,274.92981523144533
1024.0,roundrobin,50,7.2,275.5732903994141
1024.0,random,50,7.2,299.2363443769531
1024.0,sticky,100,3.6,265.12377896875
1024.0,fifo,100,3.6,262.2765632802734
1024.0,roundrobin,100,3.6,263.5674271523438
1024.0,random,100,3.6,298.77109161523435
1024.0,sticky,200,1.8,259.811001897461
1024.0,fifo,200,1.8,256.5389066835937
1024.0,roundrobin,200,1.8,257.8795837412109
1024.0,random,200,1.8,298.6881708447265
